formula,hform,pred_LR,erro_abs_LR,pred_GB,erro_abs_GB,pred_RF,erro_abs_RF,pred_RNA,erro_abs_RNA
BN,-1.292174034202367,0.3600140128365452,1.6521880470389123,0.24092367370682624,1.5330977079091934,0.07337167916037114,1.3655457133627382,0.24611313715999858,1.5382871713623656
Sr2Se2,-1.727370178237185,-1.362170797742594,0.365199380494591,-1.046050588911469,0.681319589325716,-0.6637104294905429,1.0636597487466422,-0.7305203924412189,0.9968497857959662
Al2F6,-3.569893313410812,-2.203210028245469,1.366683285165343,-2.8491976953774873,0.7206956180333246,-2.612632676273182,0.95726063713763,-2.9607004056179065,0.6091929077929055
Ca2F4O8,-0.185137293379957,-1.9456730508576896,1.7605357574777325,-1.4486418007235373,1.2635045073435802,-1.1269199882054606,0.9417826948255036,-0.7831932353845362,0.5980559420045792
B6N2,0.1727063749195503,0.8958708412208065,0.7231644663012562,1.0366563889323777,0.8639500140128273,1.066658222562674,0.8939518476431236,1.3551527385555389,1.1824463636359885
O2P,-0.8286475176243459,-1.2477274629436899,0.419079945319344,-1.5768478877320196,0.7482003701076737,-1.6883089529977633,0.8596614353734174,-1.5752636874297363,0.7466161698053905
Sr2F4O8,-0.1643975017771077,-2.0768728080131282,1.9124753062360205,-1.4217943629546101,1.2573968611775024,-1.023415148117904,0.8590176463407961,-0.70868769304959,0.5442901912724822
GaCl2N,0.0592758592935953,-0.646026638975643,0.7053024982692384,-0.7379517641541927,0.797227623447788,-0.7869657304606968,0.8462415897542921,-0.2027325815133463,0.26200844080694163
ZnN10,0.8884012817638233,-0.3680894060567157,1.256490687820539,0.5342773472393755,0.3541239345244478,0.07817822055738352,0.8102230612064397,0.37493736598780103,0.5134639157760222
Pb2F2O6P2,-2.135173827084968,-1.1155805117920523,1.0195933152929157,-1.4511313432789485,0.6840424838060195,-1.336941868224407,0.7982319588605611,-1.7140789184440597,0.42109490864090837
Tl2O4,-0.1266713458712161,-1.34427860204649,1.217607256175274,-0.9069421319322143,0.7802707860609982,-0.9081387010545221,0.781467355183306,-0.7733822667192812,0.6467109208480651
Cs2B2F6O2S6,-1.8066848627185843,-1.1640669607227203,0.642617901995864,-1.1669748988458115,0.6397099638727728,-1.0431845543751737,0.7635003083434106,-1.058171150683974,0.7485137120346104
NaC12,0.0055833430453097,1.1408156882203122,1.1352323451750026,0.9883716873376396,0.9827883442923299,0.7581184312282129,0.7525350881829032,0.40742562027123,0.4018422772259203
NaCl2,-0.8739256059346383,-1.7464243361900884,0.8724987302554501,-1.0210455412101833,0.147119935275545,-1.6255648596257852,0.7516392536911469,-1.1845010918331358,0.3105754858984975
Ge6N2,0.7140799989123892,0.399576899372476,0.3145030995399132,0.6247245689147227,0.08935542999766644,-0.0050045637740685255,0.7190845626864577,0.46134779492517947,0.2527322039872097
PbF2,-2.378401664420487,-1.2860556153592555,1.0923460490612313,-1.7753947365917728,0.603006927828714,-1.681765047336833,0.6966366170836538,-1.7973236360611153,0.5810780283593715
Tl2F2,-1.6703157351963585,-1.1986511104240076,0.4716646247723508,-0.9865627795165901,0.6837529556797683,-0.9854249419585879,0.6848907932377706,-1.2345644887997147,0.43575124639664375
BiNi,0.6913880373367389,0.171911942793726,0.5194760945430129,-0.0446169010788616,0.7360049384156006,0.010969499940016511,0.6804185373967224,0.18569155013847002,0.5056964871982689
MoCI,0.7189199444702723,0.1725118450288874,0.5464080994413849,0.23580100553775715,0.4831189389325151,0.04113966227284351,0.6777802821974288,0.13250267513148076,0.5864172693387916
BaSnTe2,-0.8977585029480291,-0.8121617687232214,0.08559673422480762,-0.4490275835477246,0.44873091940030446,-0.228633941943415,0.669124561004614,-0.5829468692138933,0.3148116337341358
ScO2,-2.47096075915427,-2.653330903002898,0.18237014384862826,-2.956014737125843,0.48505397797157324,-3.1384571236735344,0.6674963645192644,-2.886865239700941,0.4159044805466712
Au2O,0.8442465972383632,-0.32626566151778724,1.1705122587561503,0.4526979697944458,0.39154862744391733,0.17968989630247742,0.6645567009358857,0.6029892340772096,0.24125736316115354
Ti2Cl2,-0.7991230367307365,-1.4738439282181848,0.6747208914874483,-1.3084118376657647,0.5092888009350283,-1.4631199009782714,0.6639968642475349,-0.7839915576070837,0.015131479123652758
HfPd2,0.631633133285117,-0.12874994968631115,0.7603830829714282,0.16749409026145123,0.4641390430236658,-0.031233043117262955,0.66286617640238,-0.5022174305354612,1.1338505638205782
Sn2F2O6P2,-2.106219166631495,-1.2829780819380916,0.8232410846934035,-1.5883869529942989,0.5178322136371962,-1.4540570071114827,0.6521621595200124,-1.8668305318253098,0.23938863480618533
Ag2Cl2N2,0.9669715978985506,-0.10132514567525841,1.0682967435738089,0.36816526360511165,0.5988063342934389,0.3154739278533224,0.6514976700452282,0.692762860578245,0.2742087373203056
Na2Ru2H10N2O2,-0.1446516645256521,-0.4272993236218555,0.28264765909620343,-0.7095970091806879,0.5649453446550359,-0.7773857072976532,0.6327340427720012,-0.227033147410088,0.08238148288443592
TaFI,-0.7053178205725447,-1.364478861625653,0.6591610410531082,-1.2732852263855161,0.5679674058129714,-1.3374402082469214,0.6321223876743768,-1.0065908868890967,0.30127306631655204
Zn2O6Si2,-2.0226870967923047,-1.32894331352768,0.6937437832646247,-1.681767164737855,0.3409199320544498,-1.3918201377901427,0.630866959002162,-1.6456171216870767,0.377069975105228
PdSc2Br6,-1.4594172551751887,-1.093067273490903,0.3663499816842857,-1.0010822087436804,0.45833504643150835,-0.8439803445305981,0.6154369106445906,-1.2901698407875708,0.16924741438761792
V2F2O2,-2.5257733878974675,-2.100940085772211,0.4248333021252564,-2.003705442090732,0.5220679458067354,-1.9122606038053447,0.6135127840921228,-2.2188582484208133,0.3069151394766543
Y2Cl2O4,-1.8097208317286049,-2.405609485562221,0.5958886538336163,-2.4671212610106634,0.6574004292820586,-2.414759959302467,0.605039127573862,-2.4714577046938495,0.6617368729652446
Fe2F2NO2,-0.3018990732899037,-1.129080904622734,0.8271818313328303,-0.6677896559018354,0.3658905826119317,-0.9003609285685311,0.5984618552786274,-0.6857999082782279,0.3839008349883242
In2F2O2,-2.034770773057897,-1.4708227919637822,0.563947981094115,-1.5256266430366616,0.5091441300212356,-1.453632909499182,0.5811378635587152,-1.6809147552298092,0.35385601782808807
YBr,-0.837582220527378,-1.8746354161542225,1.0370531956268445,-1.149580283927838,0.31199806340046,-1.406565058448357,0.5689828379209791,-1.4977981359693446,0.6602159154419667
Ca2Pb4F12,-2.925705355301121,-1.714315094875292,1.211390260425829,-2.3445066971466044,0.5811986581545168,-2.3626186246743996,0.5630867306267215,-2.850615179084083,0.07509017621703817
AuZrBr2F2O,-1.853224351047679,-1.7612071840463586,0.09201716700132034,-1.291153948479938,0.562070402567741,-1.2970940070405181,0.5561303440071608,-1.3592116040835254,0.49401274696415354
N2Si6,0.4008229251175734,-0.01641685106222146,0.41723977617979485,0.12330317447218636,0.27751975064538703,-0.1533922000729428,0.5542151251905162,0.3098958603261015,0.09092706479147189
Ta2F2O2,-2.4778853180876474,-1.9395377669699967,0.5383475511176508,-2.1175902760870455,0.3602950420006019,-1.9276768433257823,0.5502084747618652,-2.2194923699191467,0.2583929481685008
Ir3Pd2TaB2CCl2ISSe3,-0.1652115066574015,-0.635343744662315,0.47013223800491355,-0.36259436669378137,0.19738286003637986,-0.7136027138975339,0.5483912072401325,0.23666997121703673,0.40188147787443823
Y2Cl2O2,-3.178273776464548,-2.4042970984057126,0.7739766780588355,-2.6105915022383406,0.5676822742262075,-2.639005322140384,0.5392684543241639,-2.818040480325059,0.36023329613948896
Li2B2,0.8541749070882987,-0.0022190539614165283,0.8563939610497152,0.5659226054239913,0.2882523016643074,0.31822963273704635,0.5359452743512523,0.21526800638154936,0.6389069007067494
Ca4As4,-0.7433614716609935,-0.9042000397180656,0.16083856805707208,-0.3603650381883819,0.38299643347261164,-0.20798103450830163,0.5353804371526919,-0.13537829439157112,0.6079831772694224
NiTa2CI2O,-0.2924942565430979,-0.6748595295878692,0.3823652730447713,-0.7490987695898907,0.45660451304679284,-0.8264332659684688,0.5339390094253709,-0.0864520186503436,0.2060422378927543
Pd2N4S12,0.396271695046001,0.09291510619030463,0.3033565888556964,0.059902378877944765,0.33636931616805626,-0.1363846335542265,0.5326563286002275,0.0791001201207934,0.31717157492520764
HfTlClINO,-1.049487506426613,-1.0842140004821137,0.03472649405550077,-1.2764972626135784,0.2270097561869655,-1.5804757690451272,0.5309882626185143,-1.0797976764266493,0.03031017000003633
CdFHO,-1.504524721600538,-1.1854242342154935,0.3191004873850445,-1.015073017725571,0.48945170387496706,-0.9791778057868492,0.5253469158136888,-1.2781048164830826,0.22641990511745536
Li2C2H4,0.265344715533014,0.16789489976600014,0.09744981576701384,-0.08679173367617446,0.3521364492091884,-0.25845963123971294,0.5238043467727269,0.2999298933294872,0.03458517779647324
Os2Rb2H10N2O2,-0.138555329123001,-0.3829340677220051,0.2443787385990041,-0.65129736231756,0.5127420331945589,-0.6562232093845483,0.5176678802615473,-0.8644180874027694,0.7258627582797683
W2F2N,-0.9272627581796442,-1.165446858684697,0.2381841005050529,-1.3335559216702901,0.4062931634906459,-1.4448496021177426,0.5175868439380984,-0.9409937669777257,0.013731008798081534
Cs2F2,-2.599490705680376,-1.779311618908012,0.8201790867723642,-2.1129761947403694,0.48651451094000686,-2.088327917416624,0.5111627882637522,-2.0116832990274505,0.5878074066529257
AuF2O2,0.0120039243544852,-1.1086072101426043,1.1206111344970895,-0.37381279431616826,0.3858167186706535,-0.4960993283358834,0.5081032526903686,-0.1891356519615261,0.2011395763160113
FeF6N6,0.1493085534840059,-1.2516348397630792,1.4009433932470852,-0.2641972108305249,0.4135057643145308,-0.357624589181369,0.5069331426653749,-0.31096233112826843,0.46027088461227433
AuHf2IO3,-2.150057794465197,-1.4004970784739619,0.7495607159912352,-1.3830564577132807,0.7670013367519164,-1.6456952344742708,0.5043625599909263,-1.4782113268656818,0.6718464675995153
CuMoBr2O2,-1.0757757270751458,-0.854305826039619,0.22146990103552677,-0.7442265128517056,0.3315492142234402,-0.572357284838352,0.5034184422367938,-0.8167857785281499,0.25898994854699586
VF2S2,-1.0865953446942669,-1.6034021189651588,0.5168067742708919,-1.4666130458130044,0.38001770111873756,-1.5874937233018556,0.5008983786075887,-1.3950191280084154,0.30842378331414855
NaNb3O4,-1.536130822787495,-1.3213890393660292,0.21474178342146577,-2.1466655995097796,0.6105347767222846,-2.0358051340951486,0.4996743113076536,-1.7227064748070446,0.18657565201954962
VFH4N4O6,-0.6988666710179681,-1.7039198026008406,1.0050531315828726,-1.2318012312318964,0.5329345602139284,-1.1843819881517095,0.4855153171337414,-0.6691999536081275,0.029666717409840615
Cu2O6Si2,-1.8062450829544323,-1.1680242940062708,0.6382207889481615,-1.2306730425837829,0.5755720403706495,-1.3214109962527985,0.48483408670163386,-1.6089541199702655,0.19729096298416682
NbFI,-0.9433454200334944,-1.3460284540187866,0.40268303398529215,-1.5416894442734166,0.5983440242399222,-1.416958875415115,0.4736134553816206,-1.0842126748204635,0.14086725478696904
YS2,-0.9781521855097312,-1.6907500285843564,0.7125978430746253,-1.279524198580829,0.30137201307109784,-1.451750721157833,0.47359853564810195,-1.2928954268356454,0.31474324132591425
PtSc3Br3IO4,-2.0887552602474906,-1.625299996100094,0.4634552641473966,-1.689090059778833,0.3996652004686576,-1.6159855928866964,0.4727696673607942,-1.4652648998033984,0.6234903604440922
Al2Cl2O2,-2.3538887959673995,-1.2823402312959962,1.0715485646714034,-1.850383427476166,0.5035053684912336,-1.900904867483717,0.4529839284836825,-1.952031115613181,0.4018576803542184
HfTiITe,-0.2838010132286221,-0.992034059572237,0.7082330463436148,-0.4598873468269242,0.1760863335983021,-0.7330593574181186,0.44925834418949645,-0.2432988945761084,0.04050211865251371
Cl2Si,-0.4892761666457363,-0.8851476813463623,0.39587151470062604,-0.9983570294573665,0.5090808628116301,-0.9376476498334038,0.44837148318766745,-0.9612324974868796,0.47195633084114325
K2H6N2O8,-0.2358138622348586,-0.9857676562100712,0.7499537939752127,-0.6176676825981136,0.381853820363255,-0.6825588216100663,0.44674495937520775,-0.3167978680553437,0.08098400582048512
Ti3B2F2O2,-1.7767514197225305,-1.9024655559925514,0.12571413627002093,-1.1722691268338559,0.6044822928886746,-1.3333215623735413,0.4434298573489892,-1.474695702082949,0.3020557176395815
Nb2F2O2,-2.5874614019984272,-1.9461100339713933,0.641351368027034,-2.1929979399844344,0.39446346201399285,-2.144034207164754,0.44342719483367343,-2.268849049228051,0.31861235277037636
Pd2F2O4,-0.2998377403075958,-1.2476525646718142,0.9478148243642184,-0.5832114734674188,0.28337373315982295,-0.7311059954068003,0.4312682550992045,-0.21570216646591236,0.08413557384168344
Ca2F4H8O4,-2.0138177752497537,-1.3710325528827791,0.6427852223669746,-1.434008072087725,0.5798097031620286,-1.5834540538288013,0.43036372142095236,-2.1576230697814784,0.14380529453172475
Au2C4F4O8,-1.1920973575837936,-0.6830488174136616,0.509048540170132,-0.9803068077190097,0.21179054986478396,-0.7667939261403042,0.4253034314434895,-1.0799622353912401,0.1121351221925535
Ga2F6,-2.7077559030174747,-1.864707093807714,0.8430488092097608,-2.3609153966674374,0.34684050635003727,-2.2847308304496052,0.4230250725678695,-2.2525799411311067,0.455175961886368
Li2F4N2,-0.7078800652244395,-1.3867005675769766,0.6788205023525371,-1.0784006726149074,0.3705206073904679,-1.1294904832846606,0.42161041806022115,-0.6490644811225663,0.05881558410187315
Cr2Br2,0.2460666392125157,-0.4380237899625571,0.6840904291750728,-0.12127653653302481,0.36734317574554054,-0.16865607494680548,0.41472271415932116,0.07076805666884618,0.17529858254366953
PdTi3FO7,-2.3887264248607174,-2.0630601644571627,0.32566626040355473,-1.8408930697322383,0.5478333551284791,-1.9750014323079013,0.41372499255281614,-2.294964064262208,0.09376236059850962
Ba2F2I2,-2.961719264415187,-2.001704123687608,0.9600151407275792,-2.998147159861455,0.03642789544626801,-2.5532444082220436,0.4084748561931435,-2.8937057406274653,0.06801352378772174
PtF2,-0.6956890847617666,-1.3280522005232882,0.6323631157615216,-1.0447633605724689,0.3490742758107023,-1.0961668110103213,0.4004777262485547,-0.8924922870687266,0.19680320230696002
MgB2H8,-0.2318269463492551,-0.05694139530897069,0.17488555104028441,0.28819940023566576,0.5200263465849209,0.16733439219539456,0.39916133854464964,0.3508427658584254,0.5826697122076805
InClSeSi,-0.1017155824326563,-0.7023586115821917,0.6006430291495354,-0.5817253041692918,0.4800097217366355,-0.4956264328872939,0.3939108504546376,-0.27809809300503263,0.17638251057237633
NiBr2O8,0.2883158841671616,-0.8032613394444423,1.091577223611604,-0.204244591253323,0.4925604754204846,-0.10191464277607111,0.3902305269432327,-0.033288830647984345,0.3216047148151459
SnF2O2,-0.4918518388402297,-1.4699376962235315,0.9780858573833018,-1.1917512105327341,0.6998993716925044,-0.8809543330990274,0.38910249425879767,-1.1553060001139739,0.6634541612737441
Hf2VClIO4,-2.350148030076115,-1.6479532496920932,0.7021947803840216,-1.980909905304686,0.3692381247714289,-1.9614285252560577,0.3887195048200571,-1.8859415253692755,0.46420650470683933
IrF2,-0.5548110696298808,-1.5059973263884272,0.9511862567585464,-1.2630668851357176,0.7082558155058368,-0.9416076313670447,0.3867965617371639,-0.9040227394343183,0.3492116698044375
AlN,-0.8653509800858687,-0.491587604521326,0.37376337556454275,-0.5142919130359492,0.3510590670499195,-0.48356322703560894,0.3817877530502598,-0.33619863098821906,0.5291523490976497
MnClSeSi,-0.1074227645458538,-0.7029290484597717,0.5955062839139179,-0.42497959622738013,0.3175568316815263,-0.4889486799740498,0.38152591542819597,-0.4412078826865167,0.33378511814066286
Zr3H2N2Te2,-0.5647591373146817,-1.0886451175132978,0.5238859801986161,-1.0319385226497664,0.46717938533508463,-0.9361636834917259,0.3714045461770441,-0.6083041380139889,0.04354500069930711
IOP,-0.0405686543661349,-0.8073644721186175,0.7667958177524826,-0.47333746053188525,0.43276880616575036,-0.4096424959846435,0.3690738416185086,-0.4153321714459143,0.3747635170797794
GaC,1.4484371752757994,0.7384966084574631,0.7099405668183363,1.2585485734810389,0.18988860179476053,1.0835795486046766,0.36485762667112276,1.3939960993662683,0.05444107590953107
C2F2Ge2,0.0143767005709497,-0.537056735260428,0.5514334358313777,-0.41020534129792113,0.42458204186887083,-0.3477614415611581,0.3621381421321078,0.0023134170622959773,0.012063283508653723
Cr2F4,-2.3293440352572365,-1.8171192377587455,0.512224797498491,-2.1897373137549097,0.1396067215023269,-1.9681961495753852,0.3611478856818513,-1.8561712434341548,0.4731727918230817
Os2I2O2,0.1088310736373377,-0.6625714096351664,0.771402483272504,-0.24895091212818354,0.3577819857655212,-0.2516392604452658,0.3604703340826035,0.1558937840741866,0.04706271043684891
Na4O4S8,-0.6933599587405501,-1.299493279704322,0.6061333209637718,-0.647756178067514,0.045603780673036165,-0.33306309392708067,0.36029686481346945,-0.6741026981394668,0.019257260601083348
Ba2O12P4,-2.422646062011375,-1.7922863111865952,0.6303597508247798,-2.1545001906119348,0.26814587139944024,-2.0653458626081656,0.35730019940320945,-2.2656474044762582,0.15699865753511677
PdBr2O8,0.4075632490577041,-0.7429701247193963,1.1505333737771004,0.05142450148940251,0.35613874756830155,0.052110768986822646,0.3554524800708814,0.1780869200679269,0.22947632898977718
RbSe2,0.1348305427607276,-0.7816532566528256,0.9164837994135532,-0.18125182765348596,0.31608237041421355,-0.21322033627970363,0.3480508790404312,-0.03527382082089505,0.17010436358162265
ZnBr2,-0.92373152940592,-0.3250575826686572,0.5986739467372628,-0.7599293942105004,0.16380213519541953,-0.5763019818341578,0.34742954757176214,-0.6618979599465649,0.2618335694593551
F2Si,-1.7515646176555446,-1.823145705919265,0.07158108826372045,-2.45369885908891,0.7021342414333653,-2.095769941344679,0.34420532368913426,-2.502395383036741,0.7508307653811963
CrFO2,-1.1909005450486223,-1.6385401938674171,0.4476396488187948,-1.772178027107817,0.5812774820591946,-1.532207207365786,0.34130666231716367,-1.3449481559388596,0.15404761089023733
Pb2C2H6O6P2,-1.1498825203831973,-0.42069488460032867,0.7291876357828686,-0.7497686737784836,0.4001138466047137,-0.8091602901316651,0.34072223025153214,-0.9498813280749823,0.200001192308215
Ti3ClINO2,-1.93949653393122,-1.1390328239686245,0.8004637099625955,-1.5453229502827694,0.39417358364845057,-1.6003559546859993,0.3391405792452207,-1.5082067247770417,0.43128980915417836
NbZrCl2S,-0.927701692448818,-1.4926299481487426,0.5649282556999247,-1.2985177485288217,0.3708160560800038,-1.2661675422005687,0.33846584975175076,-1.0699015244976589,0.1421998320488409
Al2I2,-0.1426313180476928,-0.7297115926077831,0.5870802745600903,-0.5835544872248987,0.44092316917720586,-0.4797189682243081,0.3370876501766153,-0.3710241737265355,0.2283928556788427
Os2Cl2,0.3703078494717715,-0.4959278470474223,0.8662356965191937,0.21608264503760685,0.15422520443416463,0.03562456493143285,0.33468328454033863,0.6874686762059586,0.31716082673418716
VYClSe,-0.724593276859423,-1.4552999873305115,0.7307067104710885,-1.0983549440323048,0.37376166717288184,-1.0584862998607314,0.3338930230013084,-1.210692306221733,0.48609902936231
Y4C3F2S2,-0.6649186643429462,-1.6862152508564325,1.0212965865134862,-1.0579532854853717,0.3930346211424255,-0.9942140648543487,0.3292954005114025,-0.7812326533474453,0.11631398900449907
Ni3ZrBr2Se6,-0.520773505040585,-1.14625132353152,0.625477818490935,-0.8968245064191263,0.3760510013785413,-0.8485682970761091,0.3277947920355242,-0.6047030808532915,0.08392957581270655
Bi2W,0.5872712737528971,0.2822154129293112,0.30505586082358593,0.2115416271638495,0.3757296465890476,0.25989584320316,0.3273754305497371,-0.036699273542514475,0.6239705472954116
PbWO4,-1.8499876819129104,-0.9460482229372478,0.9039394589756626,-1.308270220267143,0.5417174616457674,-1.5242212511662612,0.32576643074664924,-1.4430980283114632,0.40688965360144724
CoBr2O8,0.2508046901820222,-0.8918141417113189,1.142618831893341,-0.3133296759953889,0.5641343661774112,-0.07108295826771663,0.32188764844973883,-0.012895872929984863,0.26370056311200707
F4Ge,-2.4409676822564625,-1.5794676393372047,0.8615000429192579,-2.184802014504621,0.2561656677518416,-2.1193267829186166,0.3216408993378459,-2.2376508942405846,0.20331678801587794
Na2C4F6O6,-1.764127182540324,-1.1261588658675716,0.6379683166727523,-1.2651160916261417,0.4990110909141823,-1.4444888226361354,0.31963835990418854,-1.1965992384729711,0.5675279440673529
Ti2BF2S2,-1.0764047590615975,-1.8213707419335747,0.7449659828719772,-1.3801713088933778,0.3037665498317803,-1.3944420873286174,0.3180373282670199,-1.128525480963268,0.05212072190167061
Ge4H4O10,-1.4172672950194094,-0.90089994372287,0.5163673512965394,-1.283402805715921,0.13386448930348838,-1.0997347797999262,0.3175325152194832,-1.1778592237780148,0.23940807124139463
In2O4,-0.8499659299966152,-1.465614992371572,0.6156490623749568,-1.1729510349047207,0.3229851049081055,-1.1656889904154355,0.31572306041882026,-1.0700311882191833,0.22006525822256806
W2C,0.9571534170574896,0.43159871433127184,0.5255547027262177,0.6906874481470604,0.2664659689104292,0.6425737702523545,0.31457964680513506,0.36056891616027575,0.5965845008972138
Al2H2O8Te2,-1.7356673642904532,-1.1629309146774809,0.5727364496129723,-1.4789617216967066,0.2567056425937466,-1.4213717626238787,0.31429560166657455,-1.717339611510613,0.018327752779840223
Sc6ClN3O5,-2.4367337167590555,-1.8150926010648127,0.6216411156942427,-2.0965657554870045,0.34016796127205096,-2.1228286585050196,0.3139050582540359,-2.278284652280372,0.15844906447868334
FeF2O2,-0.5860040312541471,-1.636125138674142,1.050121107419995,-1.1300523546718493,0.5440483234177022,-0.8966262097651605,0.31062217851101337,-0.6710006435624688,0.08499661230832167
Al2CdO4,-2.23475738422106,-1.6444372241558676,0.5903201600651924,-1.8784336269363224,0.35632375728473753,-1.9250666309800233,0.3096907532410367,-1.979684401345825,0.25507298287523494
HfWZr2BCl6GeO3Se,-1.5326956701218857,-1.7059304808456899,0.1732348107238042,-1.1594776795588935,0.3732179905629922,-1.2242450051919704,0.30845066492991524,-0.9481059296558069,0.5845897404660788
HfPd2H2O6,-1.2032518000250692,-1.7407435377095992,0.5374917376845301,-1.4691882509647678,0.26593645093969864,-1.5089796039021488,0.30572780387707965,-1.437826593530401,0.23457479350533195
HfCl2Ge,-0.8139718355172545,-1.3017552274250714,0.48778339190781694,-1.2310159865116197,0.4170441509943652,-1.114750037034454,0.3007782015171996,-1.4230054362067088,0.6090336006894543
InNbZn2Br4O4,-1.4988303197065236,-1.0725943752729092,0.42623594443361434,-1.3308444347161028,0.16798588499042078,-1.1982511057711627,0.3005792139353609,-0.8416522161059303,0.6571781036005933
Ca2CuF2O2,-2.50045285995674,-1.873083838416728,0.6273690215400121,-2.041460382058964,0.4589924778977763,-2.2015959719728633,0.2988568879838769,-2.262738655910003,0.23771420404673727
Fe4B3F2O2,-0.1332109356725781,-0.9268309114997054,0.7936199758271273,-0.41693280153817724,0.2837218658655991,-0.43004336713064173,0.2968324314580636,-0.23588270138870174,0.10267176571612363
SrHIO,-1.743296425590525,-1.2407802512389638,0.5025161743515612,-1.5519607019023585,0.19133572368816654,-1.4487188568893268,0.2945775687011982,-1.7471820666229732,0.0038856410324481505
ZrF2P2S6,-0.878123080569058,-1.7182815357563248,0.8401584551872668,-1.3204369618659004,0.44231388129684246,-1.1698050425679267,0.29168196199886876,-1.1194765208898059,0.2413534403207479
SrBr2,-2.155394196048223,-1.3675689091296608,0.787825286918562,-2.006921838923878,0.1484723571243447,-1.8663750350089738,0.28901916103924896,-2.04591892504461,0.10947527100361265
Sc2CF2S2,-1.1007637270036024,-1.948257145444889,0.8474934184412866,-1.614427979669854,0.5136642526662516,-1.3894176151383684,0.288653888134766,-1.3244205607658674,0.22365683376226508
Ti3C2F2,-1.8604177938835973,-1.3045475067608492,0.5558702871227481,-1.486090662565649,0.37432713131794837,-1.5731924968514612,0.28722529703213606,-1.7269333406026905,0.13348445328090675
Mo3NbBrISbTe,-0.0538947682075967,-0.8526780852320603,0.7987833170244636,-0.30878365395646046,0.25488888574886376,-0.3371242688101812,0.2832295006025845,-0.09379439128523762,0.03989962307764092
SnF4,-2.533803886142208,-1.5886662952892654,0.9451375908529425,-2.3959201229521336,0.13788376319007423,-2.251399889345025,0.282403996797183,-2.32556588000125,0.20823800614095767
HfRe2RhBrISe6,-0.3471567061892067,-0.913388338655984,0.5662316324667773,-0.6859857964009916,0.33882909021178487,-0.6243523426259707,0.27719563643676404,-0.40348943444569774,0.05633272825649105
Ti2Zr2O8,-3.165694202953764,-2.5238589703868977,0.6418352325668661,-2.9671866232607265,0.19850757969303734,-2.8905815099659202,0.2751126929878436,-2.925971993239799,0.23972220971396485
TlO,-0.3870492387610347,-1.0045826382616583,0.6175333995006236,-0.7066567951257782,0.3196075563647435,-0.6610615689889857,0.274012330227951,-0.5592492182075609,0.1721999794465262
Sc2O13S5,-1.721484852033066,-1.8059178117637857,0.08443295973071985,-2.2091290978716267,0.4876442458385608,-1.9943563344225557,0.2728714823894898,-2.224583177241612,0.5030983252085461
CuRe2Br4Se,0.1244666897352386,-0.44425899438999095,0.5687256841252295,-0.018754529490903234,0.14322121922614184,-0.14757284926745368,0.2720395390026923,0.08789097817226071,0.03657571156297788
Hf2CO2,-2.307389343182172,-1.26476319491116,1.0426261482710122,-2.0011951925473546,0.3061941506348176,-2.037078297860353,0.27031104532181915,-2.0519272852239414,0.25546205795823074
RbGeO2,-0.8463466579447889,-1.3586358410470716,0.5122891831022827,-1.2162679747548553,0.36992131681006635,-1.1116621369684758,0.2653154790236869,-0.9364141131706212,0.09006745522583226
Na2H2N2S6,0.037328515125159,-0.5041223378628773,0.5414508529880363,-0.12972750660994628,0.16705602173510528,-0.2269954934338221,0.2643240085589811,0.028230670647609597,0.009097844477549404
Ba2CuF2O2,-2.5707719403297653,-1.9996748134968179,0.5710971268329474,-2.117534428076151,0.4532375122536143,-2.3094973095331643,0.26127463079660096,-2.6401422677515165,0.0693703274217512
K2C2F6O6S2,-1.7253485468697138,-1.186159329106589,0.5391892177631248,-1.4181741191640773,0.3071744277056365,-1.4641707227506755,0.26117782411903834,-1.494920302430818,0.23042824443889587
H2O12P2Sb4,-1.6312311106214317,-0.7573801033417704,0.8738510072796613,-1.4522709609097912,0.17896014971164043,-1.371307822736062,0.25992328788536967,-1.3003787949698857,0.33085231565154594
PdPt2BrClFO4,-0.3862418636731334,-0.9113111583252177,0.5250692946520843,-0.7407191948840054,0.354477331210872,-0.6408698681079308,0.2546280044347974,-0.40928344440375786,0.023041580730624456
Ag4F4I4O4,-0.1638373688877559,-0.723590893757294,0.5597535248695381,-0.528631455764314,0.3647940868765581,-0.4175879484766272,0.2537505795888713,-0.2405577695544581,0.07672040066670219
Bi2O8P2,-1.8490248716596929,-1.2265663712624346,0.6224585003972583,-1.5471181187210776,0.30190675293861524,-1.5986246069520298,0.2504002647076631,-1.4437456808830633,0.40527919077662955
NbZrClSe,-0.6545267367713938,-1.2590213580564296,0.6044946212850357,-0.8387614384832366,0.18423470171184275,-0.9031141490442752,0.2485874122728814,-0.6951405348758264,0.04061379810443255
Au3O4Sb,-0.1317697395513422,-0.7953991047892623,0.6636293652379202,-0.3914741311626823,0.2597043916113401,-0.37944250065310897,0.24767276110176678,-0.19326745755420058,0.06149771800285839
Au2I2N2,1.0627729129001484,0.42637640397314747,0.636396508927001,0.7095337163597174,0.353239196540431,0.8192004042935938,0.24357250860655466,0.8681011816005584,0.19467173129959003
GaHgTlO4,-0.796727529781343,-1.3376237811191332,0.5408962513377902,-1.0668981418569956,0.2701706120756526,-1.040024925187967,0.24329739540662398,-0.8083709083383095,0.01164337855696651
Nb2Br2O4,-2.228558579050274,-1.4812517219351533,0.7473068571151207,-1.8095422188230397,0.4190163602272343,-1.9882165432513974,0.24034203579887659,-1.9828828714619477,0.24567570758832624
Mn4B3F2O2,-0.2823687158186035,-1.1403383123857194,0.8579695965671159,-0.4885986101312057,0.2062298943126022,-0.5213662380548899,0.2389975222362864,-0.4560007968307323,0.1736320810121288
Cs2H8I2,0.3821063843930463,-0.3461407157263623,0.7282471001194086,-0.0018842574324965705,0.3839906418255429,0.14591038054355135,0.23619600384949493,0.5975794833963687,0.2154730990033224
Ti2I2,-0.3468773636854276,-0.9669884669358082,0.6201111032503805,-0.3691069724085728,0.022229608723145222,-0.5826180062967297,0.23574064261130206,-0.18729725508341835,0.15958010860200925
AlCl2,-0.8854059938924159,-1.211103885461927,0.325697891569511,-1.2813087826989602,0.3959027888065443,-1.1210951134210883,0.23568911952867233,-1.4037909213698072,0.5183849274773913
Os2Br2O2,-0.0601392392097016,-0.7752468372015285,0.7151075979918269,-0.326677735611668,0.2665384964019664,-0.2940780316288412,0.23393879241913962,-0.023667869428262066,0.036471369781439535
Sn2Cl2O6P2,-1.694230791483682,-1.0987195554174596,0.5955112360662225,-1.406841662688798,0.287389128794884,-1.4616598248505615,0.2325709666331206,-1.4549890387188875,0.23924175276479454
Ag2Br2N2,1.0472344725448182,0.18308472685815147,0.8641497456866667,0.57173708269914,0.47549738984567813,0.8159710956216906,0.2312633769231276,0.9742381121956425,0.07299636034917567
Au2CaO8,-0.4670979898164647,-1.442024338288333,0.9749263484718684,-0.8023248471298511,0.33522685731338636,-0.6982808832549978,0.2311828934385331,-0.4111466021078167,0.05595138770864799
Os2Cl2Se2,0.0288884205507642,-0.48676519508845484,0.5156536156392191,-0.10568849059731153,0.13457691114807574,-0.2016317897831691,0.2305202103339333,0.15089712429523566,0.12200870374447147
Na2Cl2S4,-0.0426299437845165,-1.0638327860212027,1.0212028422366861,-0.2677878260736049,0.2251578822890884,-0.26735394792392814,0.22472400413941163,-0.3474081741038073,0.3047782303192908
Ga2I2N2,0.2112434658799546,-0.300279904449894,0.5115233703298486,-0.047522610783349475,0.2587660766633041,-0.012561895981507653,0.22380536186146224,0.15017070045030373,0.06107276542965087
Ag2C2Cl2F4N4,0.1212095409713559,-0.5788960371668355,0.7001055781381914,-0.4991750353263548,0.6203845762977107,-0.09979472050237699,0.2210042614737329,0.31357068746732386,0.19236114649596797
Zr3O8Te,-2.606444259705201,-2.0977563304005624,0.5086879293046387,-2.442227347264626,0.16421691244057524,-2.38632320124,0.22012105846520091,-2.5802596488056677,0.02618461089953339
Mn3H2N2S2,0.0629270470668777,-0.49048298098955434,0.553410028056432,-0.24259267534117432,0.30551972240805203,-0.1565148075978727,0.2194418546647504,-0.27139730825190717,0.33432435531878485
K2B2C2Te2,0.9629869239191962,0.11189526700344654,0.8510916569157496,0.7519270337759271,0.2110598901432691,0.7467913893631203,0.21619553455607587,0.9011698217948025,0.06181710212439362
Ag2CaO8,-0.519469348247699,-1.4003690716737438,0.8808997234260448,-0.7827770446516759,0.2633076964039769,-0.7347785383718852,0.21530919012418626,-0.5171017282573643,0.002367619990334635
Au2Cl4O12,0.1641950802042728,-0.5566921465821427,0.7208872267864155,0.3413732151949666,0.17717813499069382,-0.050913669642182545,0.21510874984645534,-0.04088010754550966,0.20507518774978245
HfSc2ZrCl2O5,-2.7717308593064462,-1.9955402703251164,0.7761905889813299,-2.445208790965895,0.3265220683405512,-2.5575401811299683,0.21419067817647797,-2.770523187544267,0.0012076717621791744
GaLiO6P2,-1.908343029058333,-0.9160437217196247,0.9922993073387083,-1.599792644572252,0.3085503844860811,-1.6949684718865474,0.21337455717178555,-1.7654784517212503,0.1428645773370827
Ta2O6P2,-1.68499108040603,-1.7255396681458708,0.040548587739840825,-2.196298154589095,0.511307074183065,-1.8979849401046942,0.21299385969866425,-1.808104453994512,0.12311337358848196
Nb2I2,0.138359483840543,-0.6397885576272521,0.778148041467795,-0.05987749350754547,0.19823697734808848,-0.0735230443078121,0.21188252814835512,-0.019311457100150038,0.15767094094069303
Na2N4O2,-0.2577570259473543,-0.9811290416590044,0.7233720157116501,-0.4054603180491752,0.14770329210182093,-0.46883175977132774,0.21107473382397346,-0.3883035699911937,0.13054654404383942
Hg2O4,0.2133430154560679,-0.9442781546212283,1.1576211700772963,0.07941976056666382,0.1339232548894041,0.004225479696375095,0.2091175357596928,0.23252902370443712,0.01918600824836922
Pb2Cl2N2,0.2814305637318946,-0.25173585267244303,0.5331664164043377,0.27914920387464937,0.0022813598572452576,0.48948985122346156,0.20805928749156694,0.42744777381088667,0.14601721007899204
AlC,1.1598177996384678,0.3161201133715077,0.8436976862669601,0.7578186423572535,0.40199915728121427,0.9534645906105224,0.2063532090279454,1.1413335665904687,0.018484233047999066
Zr3N2O2,-2.42693792772839,-1.7534387406612317,0.6734991870671581,-2.246036221188396,0.1809017065399936,-2.22220925579133,0.20472867193705957,-2.360913056477755,0.06602487125063483
BaBrI,-2.009859648642458,-1.3987106885457985,0.6111489600966595,-2.0301452276553618,0.02028557901290373,-1.8056886548919564,0.20417099375050163,-1.980991492269918,0.02886815637253992
Al2H2O8Se2,-1.6515470820065137,-1.0731102240291406,0.5784368579773731,-1.3884602457079538,0.2630868362985599,-1.4473867705073082,0.20416031149920544,-1.6730586884637577,0.021511606457244037
Al2O6P2,-2.001649595901091,-1.4794168448801424,0.5222327510209488,-2.2515837583371003,0.2499341624360092,-2.2058067391141236,0.20415714321303247,-2.47795495351739,0.4763053576162988
NiC2Cl2F4N4,0.2129537871296699,-0.7919945919030077,1.0049483790326776,-0.20447268643220648,0.41742647356187634,0.010898539361726899,0.20205524776794298,0.14163667495307497,0.07131711217659492
Na4O12,-0.6288292514274767,-1.9063483144016848,1.2775190629742081,-0.7415518054815352,0.11272255405405851,-0.8252839966445795,0.19645474521710282,-0.7032133447349347,0.07438409330745799
K2N2S6,0.0567105173517802,-0.5105046444533123,0.5672151618050926,-0.07274695255759918,0.12945746990937937,-0.13930653346422978,0.19601705081600998,-0.12991808992021692,0.18662860727199712
W3Br3ClTe,0.1735686808706154,-0.4611984656434176,0.634767146514033,0.13182103947789947,0.04174764139271592,-0.021815629904763895,0.1953843107753793,0.21418704634231775,0.04061836547170236
W3H2N2,0.1665399362862853,-0.49627912975045085,0.6628190660367361,-0.04742088638474158,0.2139608226710269,-0.027340709417555478,0.19388064570384078,0.2193254906996252,0.0527855544133399
Y3B2Cl2,-0.958272842264366,-1.4975271515387496,0.5392543092743836,-1.2927035105118794,0.33443066824751333,-1.1502699826154632,0.19199714035109716,-0.864921834529191,0.09335100773517502
Cu2I2N2,0.8319822283757325,0.24682411189326114,0.5851581164824714,0.45585078803037526,0.3761314403453573,0.6432379143325577,0.18874431404317482,0.8178996597371344,0.014082568638598136
NbNiF6,-2.6388471390845543,-2.0460662090164847,0.5927809300680695,-2.670407909712095,0.0315607706275407,-2.8270424723012453,0.18819533321669102,-2.2998201270065417,0.33902701207801256
CdSe2,0.0142262168435474,-0.507893517281181,0.5221197341247285,-0.3068553822659042,0.3210815991094516,-0.1731512837209418,0.1873775005644892,-0.180788301717855,0.19501451856140242
Ta2I2O4,-2.1858580245505337,-1.3980350770965067,0.787822947454027,-1.7901038425256752,0.39575418202485846,-1.998621425885988,0.18723659866454567,-2.0091354626954416,0.17672256185509205
Ga2GeI2,-0.1048981770618581,-0.6169828655879959,0.5120846885261378,-0.40351840130169053,0.2986202242398324,-0.28636237088599964,0.18146419382414153,-0.09583184544354602,0.009066331618312079
AlNaO6P2,-2.1408311436290184,-1.2491587834401372,0.8916723601888812,-1.8348974318945517,0.3059337117344667,-1.9605410916019403,0.18029005202707804,-1.7395172385189837,0.40131390511003473
Ag2Br2O2,0.0368998515515765,-0.4805525910043026,0.5174524425558791,-0.28071359303547433,0.3176134445870508,-0.14090327093920635,0.17780312249078284,0.05277912357310415,0.015879272021527654
Hf4C3S2,-1.0882864641200456,-0.4712335194865597,0.6170529446334858,-0.9276672003907773,0.16061926372926827,-0.9111494154225528,0.1771370486974928,-1.0925241592446124,0.004237695124566843
Nb4BrCl3O4,-1.900690665912779,-1.3973690801912835,0.5033215857214954,-1.5777500347370743,0.3229406311757046,-1.7258594717726825,0.1748311941400964,-1.6995244900714754,0.20116617584130347
HfMoBr2ISe2Te,-0.5361205715589437,-1.0364696243494809,0.5003490527905372,-0.8367618986186159,0.3006413270596723,-0.7105291846138291,0.17440861305488542,-0.5751767897848103,0.03905621822586669
VB4H5S6,-0.0906839915953048,-0.7212281655848338,0.630544173989529,-0.26674933493899244,0.17606534334368765,-0.26178371016101515,0.17109971856571035,-0.1437484938152368,0.053064502219932
AlRuBr2F,-0.8600758609233636,-1.3866237167437814,0.5265478558204177,-1.1270639805638165,0.2669881196404529,-1.0309161214908524,0.1708402605674888,-0.6143627531316908,0.24571310779167288
Mn3C12,1.493966243654873,0.6329141389127733,0.8610521047420998,1.3882004505573853,0.10576579309748779,1.3241020025052157,0.16986424114965737,1.2622056189548199,0.2317606247000532
FeB4Br2F4N2,-1.2854708571135507,-0.6789821129398514,0.6064887441736992,-1.0006688190709563,0.2848020380425944,-1.1162470512215594,0.16922380589199126,-1.0768688478965731,0.20860200921697758
Cu2B4Cl2F4N2,-1.2368425178520066,-0.6174473605230909,0.6193951573289157,-0.9601313425769448,0.27671117527506184,-1.068314053765242,0.16852846408676458,-0.9309204872831913,0.3059220305688153
AuMn3Br3O5,-0.958691533127348,-0.9234039992946035,0.03528753383274452,-0.8726584558788212,0.08603307724852682,-0.7911475607363725,0.16754397239097552,-0.41173163529336787,0.5469598978339801
Sc2BI2,-0.741472702256204,-1.3249958923358145,0.5835231900796105,-0.9513448897081481,0.20987218745194414,-0.9061545376962152,0.16468183544001125,-1.0166465477631181,0.27517384550691415
Ag2Cr2O12P4,-1.5871924950764176,-0.9790297199512917,0.6081627751251258,-1.4457496228008004,0.14144287227561714,-1.423466447488393,0.16372604758802467,-1.1701832088420165,0.41700928623440103
Rb2H2N2S6,0.0088081858362727,-0.49254965146316687,0.5013578372994396,-0.09083165966174146,0.09963984549801416,-0.15461739546265402,0.1634255812989267,-0.04610072984525003,0.05490891568152273
Nb4IO7,-2.1901489047260347,-1.4537421201964698,0.736406784529565,-1.8863335027058274,0.3038154020202073,-2.0269787763535723,0.16317012837246248,-2.140259590088198,0.049889314637836524
MoPbO4,-1.7636470155131612,-0.9686700359161987,0.7949769795969625,-1.5489076451696622,0.214739370343499,-1.6022133921977089,0.1614336233154523,-1.4268496025242214,0.3367974129889397
Ti8Cl6N4SSe,-1.6047819527918823,-1.0999311453564486,0.5048508074354336,-1.3521664902047632,0.2526154625871191,-1.4462284378546513,0.15855351493723102,-1.4288008577395646,0.17598109505231774
Sc2Cl2O2,-3.0120177311489464,-2.2925126190782112,0.7195051120707352,-2.6809737918032703,0.3310439393456761,-2.8539556150973957,0.15806211605155074,-2.7099715463418135,0.30204618480713297
CdBr2H4N6,0.0882742375293518,-0.4226225367927934,0.5108967743221452,-0.13175529521522522,0.22002953274457704,-0.06819680232055399,0.1564710398499058,0.2509519786659726,0.16267774113662076
K2Br2,-1.6471041290338482,-0.8242504993862422,0.822853629647606,-1.5198336059581474,0.12727052307570075,-1.4949751473878088,0.15212898164603939,-1.6129130261308378,0.03419110290301042
Ge2H2O6P2,-1.4708782260250064,-0.785014231423935,0.6858639946010714,-1.398114184510256,0.07276404151475035,-1.3219417695380296,0.14893645648697684,-1.4603390110696757,0.010539214955330722
Ti2Br2O2,-2.1626781038203844,-1.580889130464894,0.5817889733554904,-2.05083566345301,0.11184244036737434,-2.0208701008172762,0.14180800300310814,-1.9354554086139482,0.22722269520643623
Al2NiO4,-2.1675689460267367,-1.5223160390987998,0.6452529069279369,-1.7704522174429185,0.3971167285838182,-2.026975772054523,0.1405931739722135,-1.9543639321786515,0.2132050138480852
AgMnCl2N2,0.105718367507914,-0.41153945183041385,0.5172578193383278,0.023835860817013253,0.08188250669090075,-0.033232125833614345,0.13895049334152834,-0.0376114488166858,0.1433298163245998
K2Ta2Br12,-1.2053423848131537,-0.35139866314184875,0.853943721671305,-1.117659848910553,0.08768253590260078,-1.070613262771019,0.13472912204213472,-1.0120961145122866,0.19324627030086705
Rb2C2H2O6,-1.532792200373149,-0.9688126433467299,0.563979557026419,-1.149173330310466,0.3836188700626828,-1.3993911771149938,0.13340102325815506,-0.9955946517329962,0.5371975486401527
RbF,-2.55968160525744,-2.0033300045424416,0.5563516007149985,-2.3777453097161807,0.18193629554125934,-2.426855847514256,0.13282575774318417,-2.6460878333955633,0.08640622813812326
CoB4Br2F4N2,-1.2552798745553189,-0.6074677020262027,0.6478121725291162,-1.0195488872940999,0.235730987261219,-1.1256438929260095,0.12963598162930934,-1.0483032276559772,0.2069766468993417
ScZrI2O2,-2.307351994338976,-1.720457401881454,0.5868945924575222,-2.1091276076362258,0.19822438670275044,-2.178199015415824,0.12915297892315225,-2.1515484314719955,0.15580356286698072
Na2F2Te2,-1.0790566909896988,-1.6659297590264375,0.5868730680367387,-1.4273715854084863,0.3483148944187875,-1.208091266807777,0.1290345758180782,-1.2710872125176476,0.19203052152794875
CdClFO,-0.7702354677495595,-1.3163392433724836,0.5461037756229241,-0.7714363575558012,0.0012008898062416673,-0.6424476634428902,0.12778780430666936,-0.6332647905017861,0.13697067724777345
CdBr2C2F4N4,0.1143201050535886,-0.9671859578509134,1.0815060629045021,-0.21231410697306735,0.32663421202665593,-0.012684817435420138,0.12700492248900874,0.340030073266401,0.22570996821281242
Sr2F12Ge4,-2.8781974586518224,-2.001917930510446,0.8762795281413762,-2.668358120923003,0.20983933772881924,-2.7541519213984995,0.1240455372533229,-2.931110744225788,0.052913285573965574
Ru2I2,0.4957503102252074,-0.16648925462555209,0.6622395648507595,0.2452853424567142,0.25046496776849314,0.3725413202971022,0.1232089899281052,0.4130025042733334,0.08274780595187398
Sr2Br2Cl2,-2.2116365669099864,-1.6002554183476927,0.6113811485622938,-2.1664900096130664,0.045146557296920076,-2.0891157182612883,0.12252084864869817,-2.3428293515440055,0.13119278463401907
Na2I2S4,-0.0954585595939954,-0.6196842816329905,0.5242257220389951,-0.3971642098051599,0.30170565021116447,-0.21675620453614025,0.12129764494214484,-0.2316750992575058,0.13621653966351038
ZrAs2H2S6,-0.1507465672941796,-1.0405772152162809,0.8898306479221013,-0.5745001206825749,0.4237535533883954,-0.2695040698555259,0.11875750256134629,-0.1833820144041872,0.0326354471100076
PdRe3I4Se3Te,0.07485100243853,-0.45868044301901495,0.5335314454575449,-0.05738467950969284,0.13223568194822283,-0.04388193797121684,0.11873294040974684,-0.18306945869079316,0.25792046112932315
Pt2O4,-0.2812799636157272,-0.9292162444746968,0.6479362808589695,-0.39224936568651114,0.11096940207078393,-0.397570822232983,0.1162908586172558,-0.38875063761910456,0.10747067400337734
Ni2Ta4O10,-2.223225386165544,-1.676590013978402,0.5466353721871422,-1.8282643731924038,0.39496101297314046,-2.1073289628294147,0.11589642333612948,-1.9039526611337834,0.31927272503176085
V3B2F2Se2,-0.7148602063077445,-1.2813742321300692,0.5665140258223247,-0.9206619093527383,0.2058017030449938,-0.8300821052215195,0.11522189891377499,-0.6078077064794372,0.10705249982830733
Y2Br2,-1.2916599829797084,-1.8746354161542225,0.5829754331745141,-1.149580283927838,0.14207969905187046,-1.406565058448357,0.1149050754686487,-1.4977981359693446,0.20613815298963623
Os2F2,-0.9397597086612804,-1.2818243806041592,0.3420646719428787,-0.5665616928609248,0.3731980158003556,-0.8257799706094225,0.1139797380518579,-0.17548191955563056,0.7642777891056499
Ca2Cl2,-1.6812846999771969,-2.0466023815876166,0.3653176816104198,-1.6205011119117922,0.060783588065404626,-1.7937515167800464,0.11246681680284953,-2.2158405049147523,0.5345558049375554
Cs2N2S6,-0.0063080542091938,-0.5845962087770398,0.578288154567846,-0.18022377021986083,0.17391571601066702,-0.11853423688262493,0.11222618267343114,-0.21668167370162927,0.21037361949243547
Ca2CuCl2O2,-2.053613770861348,-1.5488211056831935,0.5047926651781545,-1.877501887056179,0.17611188380516896,-1.9416320679481596,0.11198170291318843,-1.9452907184646138,0.10832305239673423
Os2Br2N2,0.4368704458915336,-0.11751322512912232,0.554383671020656,0.35551396568629273,0.08135648020524089,0.3268408220529187,0.11002962383861492,0.32806042409483277,0.10881002179670085
Ti2F2N,-2.5616579706941245,-1.8593272657660862,0.7023307049280383,-2.3364304427900935,0.225227527904031,-2.4551355113643107,0.10652245932981375,-2.368026393566805,0.1936315771273196
Cs2Cl2,-1.8527405713005127,-1.271759214490248,0.5809813568102646,-1.6696270860901237,0.18311348521038906,-1.7470355938961382,0.10570497740437457,-1.5734689277100262,0.2792716435904865
BF2Si,-1.5935229403427256,-1.5149575657654333,0.07856537457729229,-1.9005148482734167,0.3069919079306911,-1.4883565805136902,0.10516635982903533,-2.1771825880130655,0.58365964767034
Ba2Br4O8,-0.7900070120535173,-1.527333531823772,0.7373265197702547,-0.9485153757956044,0.1585083637420871,-0.8924574049732527,0.10245039291973534,-0.9406210689526298,0.15061405689911245
NiH2,0.0739667954878774,0.7134680787050138,0.6395012832171364,0.2682414186109019,0.19427462312302451,0.1748398792762083,0.10087308378833092,0.03990605944266543,0.03406073604521196
Nb2W2O11,-2.461422948520349,-1.8031325742744302,0.658290374245919,-2.3815936041389847,0.07982934438136446,-2.360647164333354,0.10077578418699495,-2.1270718512552036,0.33435109726514556
LiNiO6P2,-1.57539457300834,-1.0441101877117238,0.5312843852966163,-1.4456296666132191,0.12976490639512095,-1.4780198714775532,0.09737470153078687,-1.2873696269959762,0.28802494601236384
Cr2Cl2,-0.1373439933249081,-0.6523938039655213,0.5150498106406132,-0.4063353043445138,0.2689913110196057,-0.23035560724702356,0.09301161392211546,-0.18683553754926888,0.04949154422436078
ReI2,0.6739791970923156,-0.2893908622510781,0.9633700593433936,0.4353050117840024,0.2386741853083132,0.5814791668490482,0.09250003024326736,0.6479398544245547,0.026039342667760867
AlLiAs2O6,-1.5377254932080944,-0.9246818088440097,0.6130436843640846,-1.5226829692829444,0.015042523925149931,-1.6288867540861591,0.09116126087806475,-1.4494893203835593,0.08823617282453511
HgBrFO,-0.3235135783740022,-0.833907202453356,0.5103936240793538,-0.40419432847405684,0.08068075010005465,-0.4144094002566134,0.0908958218826112,-0.22512849099808835,0.09838508737591384
Os2Rb2F10N2O2,-1.9658489551837857,-1.4591285054650722,0.5067204497187134,-1.7503591040375623,0.21548985114622332,-1.8780550608265059,0.0877938943572798,-1.7733183312116394,0.19253062397214626
BaBi2F12,-2.4687786071340696,-1.7108184812476388,0.7579601258864308,-2.5574309387293406,0.08865233159527097,-2.55611321837833,0.08733461124426034,-2.266755722629603,0.20202288450446648
Ta3C2O2,-1.397317972357654,-0.7370265975396987,0.6602913748179554,-1.2753563716513705,0.12196160070628359,-1.3100275479900865,0.08729042436756762,-1.2802991438900304,0.11701882846762368
MoW3S8,-0.8879176443431795,-0.21260692101882434,0.6753107233243552,-0.5530527382299107,0.3348649061132688,-0.8035612978305777,0.08435634651260182,-0.7146859065992504,0.1732317377439292
Bi2Br2N2,0.3115881432448463,-0.26546445183712986,0.5770525950819761,0.14514705484308785,0.16644108840175845,0.3958622023238293,0.084274059078983,0.11821516885454306,0.19337297439030324
PtS2,-0.394475867234437,0.1755433484033011,0.5700192156377382,-0.1930641753707276,0.2014116918637094,-0.310691405218465,0.083784462015972,-0.18562495939873794,0.20885090783569907
LiC5H5N2O5,-0.8198371244717203,0.08485564387922206,0.9046927683509424,-0.6160357505150179,0.2038013739567024,-0.7370498165108872,0.08278730796083311,-0.3892481637184387,0.4305889607532816
CdF2O2,-0.5626765970442932,-1.6403277318146445,1.0776511347703512,-0.8868578779486667,0.3241812809043735,-0.6444782669918193,0.08180166994752613,-0.34066372085032764,0.22201287619396554
Pt2As2Te6,-0.1507452982431793,0.3722640000869084,0.5230092983300877,-0.04716510591994386,0.10358019232323545,-0.07096596039967859,0.07977933784350072,-0.06306841291130785,0.08767688533187146
Al2I2O2,-1.780712099333502,-1.0804458769730934,0.7002662223604086,-1.4425953731364916,0.3381167261970104,-1.7025163004224033,0.07819579891109862,-1.6076290593069378,0.17308304002656416
NiB4F4I2N2,-1.2012214029957584,-0.6147764429109016,0.5864449600848568,-1.0020828822215957,0.19913852077416272,-1.1236573734504431,0.07756402954531527,-0.987139244823465,0.21408215817229337
Re2Br2,0.2466941459943799,-0.4383180433078515,0.6850121893022314,0.36980326789213824,0.12310912189775836,0.3241864805285137,0.07749233453413379,0.8692455096163559,0.622551363621976
In2F2S8Se2,-0.2462846336762792,-0.8004156564581344,0.5541310227818552,-0.5656832213807124,0.3193985877044332,-0.3232784536634963,0.07699381998721708,-0.2460124752657408,0.0002721584105384034
InPd5I2,-0.3494676092591531,0.15844199257403113,0.5079096018331842,-0.21710786462491125,0.13235974463424185,-0.27444613191291783,0.07502147734623527,-0.3590421952286468,0.009574585969493676
H2O12Sb6,-1.2538499290242924,-0.7002521782699109,0.5535977507543814,-1.1865909634071405,0.06725896561715183,-1.1790873732500764,0.07476255577421598,-1.0075419119805313,0.24630801704376104
HfK2F6O6,-1.2028891084937092,-2.121306602381896,0.9184174938881868,-1.587954140349504,0.3850650318557949,-1.2773564136272797,0.07446730513357047,-1.4636328967067707,0.26074378821306143
Na2B2C2S2,0.7495319274536936,-0.28534680519966926,1.0348787326533628,0.6508038589891936,0.0987280684645,0.6754868912502835,0.07404503620341008,0.3677910022988169,0.3817409251548767
Sr2F2,-2.3968676080781384,-2.6446031069624896,0.2477354988843512,-2.8306671667368395,0.4337995586587011,-2.4702938430974384,0.07342623501930001,-3.091906801945284,0.6950391938671454
Li2Pb,-0.0138588338240384,-0.3518375143685809,0.3379786805445425,0.18795742063618,0.20181625446021842,-0.08391002897483665,0.07005119515079826,0.9774786367397309,0.9913374705637693
Zr3B2F2Se2,-0.9477523969070796,-1.7029133758141684,0.7551609789070888,-1.1419912162170864,0.19423881931000686,-1.0118972204502195,0.06414482354313988,-1.0271708416476981,0.07941844474061854
Nb2PtO6,-2.056449218349379,-1.6847563517870037,0.37169286656237555,-1.9417525430172575,0.11469667533212169,-1.9927715981293976,0.06367762021998158,-1.4870300613389253,0.5694191570104539
Sc4Br4O4,-2.805699937791041,-2.000503689181692,0.8051962486093491,-2.660887333025628,0.1448126047654128,-2.743181677529647,0.06251826026139407,-2.5858028618898374,0.21989707590120355
MoW3O8,-2.018081380706429,-1.4069228839267118,0.6111584967797172,-1.7193457271630173,0.2987356535434118,-1.9573306002523274,0.06075078045410165,-1.607818717866245,0.410262662840184
CoC2F2H4N6,0.2116250466310551,-0.48915176145648637,0.7007768080875415,-0.05980730763328766,0.27143235426434276,0.1518255909909147,0.059799455640140414,0.362914279233804,0.15128923260274887
Au2B4Cl2F4N2,-1.1069394136591804,-0.5715274900672433,0.535411923591937,-0.971636500029981,0.13530291362919933,-1.0489283677778958,0.058011045881284584,-0.8648871989167088,0.24205221474247152
CaSe2,-0.4422545973948981,-1.142149963215791,0.6998953658208928,-0.6520876844956166,0.20983308710071852,-0.4964827133651542,0.05422811597025612,-0.4291375408586531,0.013117056536245009
Rb2Cl2S6,-0.2667014298114551,-0.8332036573107576,0.5665022274993026,-0.296575715537483,0.029874285726027905,-0.3187694268582095,0.05206799704675441,-0.3310600859425735,0.06435865613111841
Al2O2,-2.258125332478638,-1.4555616682502848,0.8025636642283533,-2.046671413112033,0.21145391936660518,-2.3092751481465363,0.051149815667898224,-1.9491985414995034,0.30892679097913467
Ta3F7Se,-2.563118953780953,-1.9288573548090173,0.6342615989719358,-2.3119665751325806,0.2511523786483725,-2.5133768814703847,0.049742072310568375,-2.403474602458717,0.1596443513222363
Ag2I2S3Sb4,-0.1493486586547913,0.406927395617106,0.5562760542718973,-0.026725122768658613,0.12262353588613269,-0.10146251764909525,0.04788614100569605,-0.24108792309701202,0.09173926444222072
Nb3C2O2,-1.371027990071266,-0.7267557810012555,0.6442722090700106,-1.3101478140910943,0.06088017598017181,-1.3240709516617324,0.04695703840953369,-1.303960307189902,0.06706768288136411
Ti4Cl2N3,-1.6583483486091637,-1.1039697103477475,0.5543786382614162,-1.5878828437495118,0.07046550485965186,-1.6134770862834262,0.04487126232573746,-1.5120468684301953,0.14630148017896838
Hf2BrClO2,-2.263311939540501,-1.5652626180327758,0.698049321507725,-2.058007260286579,0.20530467925392193,-2.2188953665254028,0.04441657301509805,-2.2070260216446695,0.05628591789583126
Rh2Te6,-0.2599952177299949,0.24441150501346254,0.5044067227434574,-0.12025681151399412,0.13973840621600078,-0.21728470211552217,0.04271051561447273,-0.20790022624612006,0.052094991483874836
Fe2MnN12,0.1570552218297858,-0.6117547657302426,0.7688099875600284,0.3243762764326202,0.1673210546028344,0.11684128622922375,0.04021393560056204,-0.001671716593125754,0.15872693842291155
CoMn2B6C6,1.2063009513894647,0.31975082194316207,0.8865501294463026,1.0624147000090634,0.14388625138040134,1.1680495273860387,0.03825142400342596,1.0762771090283043,0.13002384236116038
Bi2Sn6,0.6480606120420132,0.11924396484542221,0.5288166471965909,0.4688727306116088,0.17918788143040437,0.6122782819028054,0.03578233013920773,0.3434848690015382,0.30457574304047497
Zr4F4O4,-2.994878711547156,-2.4645170398229723,0.5303616717241835,-2.8432803771695205,0.15159833437763526,-3.0305428262160716,0.035664114668915836,-2.7983391646220728,0.19653954692508302
K2Br2O6,-0.5719741684645377,-1.2274258568951044,0.6554516884305667,-0.8139814399570287,0.2420072714924909,-0.6069487013864412,0.034974532921903445,-0.66027213026813,0.08829796180359228
Ta3C2S2,-0.8172271729759645,-0.31147066510373916,0.5057565078722253,-0.6917578874276534,0.12546928554831105,-0.7843877176629768,0.03283945531298771,-0.8505734157685936,0.0333462427926291
Nb2F6,-2.78101546647435,-2.2049711853243896,0.5760442811499602,-2.8705485431597517,0.08953307668540189,-2.8131136171010906,0.03209815062674082,-2.681941580941829,0.09907388553252083
Sc3C2F2S2,-0.965951954604052,-1.7678101077190709,0.8018581531150188,-1.1993881204377657,0.23343616583371363,-0.997488111664256,0.03153615706020396,-0.9635053807075518,0.0024465738965002704
Na4CS4,-0.4763579505375088,-0.994714404603401,0.5183564540658923,-0.3456864916632273,0.1306714588742815,-0.4449346468501141,0.03142330368739471,-0.5440041425163044,0.06764619197879557
Nb2CO2,-1.727511018123181,-0.9450881876114962,0.7824228305116848,-1.7191193621114487,0.008391656011732307,-1.6977946550415266,0.029716363081654373,-1.7267417121709385,0.0007693059522424495
YSe,-1.0815040754236689,-1.5935539807284822,0.5120499053048133,-1.1777672844089186,0.09626320898524976,-1.052318144474221,0.02918593094944799,-1.1958030472907775,0.11429897186710858
Hf2Br2O2,-2.175991139531208,-1.6092451377789527,0.5667460017522554,-2.216809931648466,0.04081879211725781,-2.1482708479761574,0.027720291555050736,-2.1389649960108237,0.03702614352038447
Ti5Cl2IN3O,-1.5958806665010516,-1.0558072982611075,0.5400733682399441,-1.5709606951434656,0.024919971357586057,-1.6207559684147226,0.024875301913670933,-1.524490293168933,0.07139037333211862
Fe2Ni2P2,-0.0739567992005649,0.47395781196943254,0.5479146111699974,-0.05271940929890762,0.02123738990165728,-0.09679225620797129,0.022835457007406385,0.07183509074916639,0.1457918899497313
K2Nb2F12,-3.326401826215994,-2.0473461214869957,1.2790557047289983,-3.08409959527038,0.2423022309456142,-3.3052808046403275,0.021121021575666532,-2.888347197710089,0.4380546285059048
Sc2I2O2,-2.581555557143845,-1.9272880716346847,0.6542674855091604,-2.5854816591254277,0.003926101981582608,-2.6014436207901857,0.019888063646340548,-2.571970408043256,0.009585149100589163
W3N2,0.5447463997169834,-0.3407074616292064,0.8854538613461898,0.35624992574063674,0.1884964739763466,0.564155228621351,0.01940882890436768,0.6547957822129562,0.11004938249597285
Rh2S4Sb6,-0.211567204222705,0.3006808330741141,0.5122480372968191,-0.15389389060218311,0.05767331362052189,-0.1940583200459242,0.017508884176780815,-0.011193554969222835,0.20037364925348217
BiZrAs,-0.1845217757619401,-0.8476055165391957,0.6630837407772556,-0.1514329382758363,0.033088837486103806,-0.16875512774816198,0.015766648013778112,-0.1708224908687798,0.013699284893160302
Na2B2F8O8,-1.0023379369696308,-1.5419431155684282,0.5396051785987974,-1.2996678291158636,0.29732989214623284,-1.0171002460773844,0.014762309107753557,-1.1380018364350146,0.13566389946538382
Pd2Cl2N2,0.4070296002143709,-0.12403065886407438,0.5310602590784452,0.46010637955220696,0.053076779337836055,0.393137787402393,0.013891812811977877,0.401584395935853,0.005445204278517912
Al2PdO4,-1.8942275427101003,-1.6766554938177383,0.21757204889236204,-1.6569494959829953,0.23727804672710495,-1.9051704118721295,0.010942869162029245,-1.2903110912842706,0.6039164514258297
Cs2Cl2O6,-0.7378112047582199,-1.5136343246230437,0.7758231198648238,-0.6292602496268551,0.10855095513136481,-0.7277202437012141,0.010090961057005798,-0.6370570312947195,0.10075417346350046
TiP2,-0.1432391499882589,-0.7571168176002534,0.6138776676119945,-0.48752605935914567,0.3442869093708868,-0.15012405037029705,0.0068849003820381505,-0.027989774340520655,0.11524937564773824
Bi2I2N2,0.4165848574435233,-0.20742147915039022,0.6240063365939135,0.17708637598809687,0.23949848145542643,0.40986941730016,0.006715440143363283,0.2965576959285223,0.12002716151500098
Pt2P2Te6,-0.0647977020611719,0.4835359765282008,0.5483336785893727,-0.03309879206036512,0.03169891000080678,-0.07005085509068008,0.005253153029508184,-0.2109047113071357,0.14610700924596381
Bi4W2O12,-1.6404031746068313,-1.023918289071546,0.6164848855352854,-1.543969520602559,0.09643365400427228,-1.6367261488340088,0.003677025772822473,-1.5314186628722983,0.10898451173453294
Cs2Hg4Cl6O8,-0.5165354640992426,-1.0893042670966235,0.572768802997381,-0.5706737064894357,0.05413824239019316,-0.5190196260200174,0.00248416192077483,-0.45904631840112814,0.05748914569811442
Nb3C2S2,-0.805036759098632,-0.3034097851199866,0.5016269739786454,-0.7499151468339301,0.055121612264701914,-0.8071762082621624,0.0021394491635303714,-0.8937364107816235,0.08869965168299143
Ir3PdO8,-0.6203098786668555,-1.2206012899314842,0.6002914112646287,-0.5264242266635788,0.0938856520032767,-0.6183006989512567,0.0020091797155987745,-0.7597228506819234,0.13941297201506786
