Classe,formula
Haletos com Calcogênios,Al2Br2SSe
Haletos com Calcogênios,Al2Br2Te2
Haletos com Calcogênios,Al2I2Te2
Haletos com Calcogênios,Al4Br4S4
Haletos com Calcogênios,Al4Br4Te4
Haletos com Calcogênios,Al4I4Se4
Haletos com Calcogênios,As2Cl2Ge2S6
Haletos com Calcogênios,AsBr2Se
Haletos com Calcogênios,AsBrS
Haletos com Calcogênios,AsClS
Haletos com Calcogênios,AsClSe
Haletos com Calcogênios,Ba2I4S8
Haletos com Calcogênios,Ba4As4Cl4Se8
Haletos com Calcogênios,Ba4As4F4S8
Haletos com Calcogênios,Ba4As4F4Se8
Haletos com Calcogênios,Ba4Bi4Cl4S8
Haletos com Calcogênios,Ba4Cl4Sb4Te8
Haletos com Calcogênios,Ba4F4S8Sb4
Haletos com Calcogênios,BeF4S4Sb2
Haletos com Calcogênios,Bi2Br2Te2
Haletos com Calcogênios,Bi2Cl2Se2
Haletos com Calcogênios,Bi2F2S2
Haletos com Calcogênios,Bi2F2Te2
Haletos com Calcogênios,Bi4Sr4Cl4Se8
Haletos com Calcogênios,Bi5AsBr6S2Se
Haletos com Calcogênios,BiBrSe
Haletos com Calcogênios,BiFO6S2
Haletos com Calcogênios,BiISe
Haletos com Calcogênios,Br2Ge2Se2
Haletos com Calcogênios,Br2Si2Te2
Haletos com Calcogênios,Br4Ge3S
Haletos com Calcogênios,BrClGe3Se5
Haletos com Calcogênios,BrGe2ISe2
Haletos com Calcogênios,BrNSb2Te
Haletos com Calcogênios,BrPS
Haletos com Calcogênios,BrPTe
Haletos com Calcogênios,Ca2BrClS2
Haletos com Calcogênios,Ca2F2N2S6
Haletos com Calcogênios,CaF2Te2
Haletos com Calcogênios,CaPbClS
Haletos com Calcogênios,CaSn3Br4S4
Haletos com Calcogênios,Cl2Ge2S2
Haletos com Calcogênios,Cl2Ge2S6Sb2
Haletos com Calcogênios,Cl2Sb2Se2
Haletos com Calcogênios,ClSbTe
Haletos com Calcogênios,Cs2B2F6O2S6
Haletos com Calcogênios,Cs2C2Cl6S6Se2
Haletos com Calcogênios,Cs2C2Cl6S8
Haletos com Calcogênios,Cs2C2F6S8
Haletos com Calcogênios,Cs2C4F6S6
Haletos com Calcogênios,Cs2Cl6N2O6S2
Haletos com Calcogênios,Cs2F2N2S6
Haletos com Calcogênios,Cs2F6N2O6S2
Haletos com Calcogênios,F2O10Sb2Te2
Haletos com Calcogênios,F2P6S12
Haletos com Calcogênios,F2S2Sb2
Haletos com Calcogênios,F2Si2Te2
Haletos com Calcogênios,FPS
Haletos com Calcogênios,FSbTe
Haletos com Calcogênios,Ga2Br2Te2
Haletos com Calcogênios,Ga2Cl2Te2
Haletos com Calcogênios,Ga2I2Te2
Haletos com Calcogênios,Ga3Br2PSSe3
Haletos com Calcogênios,Ga4Cl4Se4
Haletos com Calcogênios,Ga4I4Se4
Haletos com Calcogênios,GaBr2Se
Haletos com Calcogênios,GaPbBr2STe
Haletos com Calcogênios,GaSnCl2S2
Haletos com Calcogênios,I2S2Sb2
Haletos com Calcogênios,I2Se2Si2
Haletos com Calcogênios,In2BrSSe
Haletos com Calcogênios,In2Cl2Te2
Haletos com Calcogênios,In2F2S8Se2
Haletos com Calcogênios,In3Br5SSe
Haletos com Calcogênios,In3BrIS
Haletos com Calcogênios,In4Br2ClISSe3
Haletos com Calcogênios,In4Br4S4
Haletos com Calcogênios,In4Cl4S4
Haletos com Calcogênios,InBr2Se
Haletos com Calcogênios,InClSeSi
Haletos com Calcogênios,InSnBrIS
Haletos com Calcogênios,K2C10F6S2
Haletos com Calcogênios,K2C2Cl6O6Te2
Haletos com Calcogênios,K2C2Cl6S6Se2
Haletos com Calcogênios,K2C2Cl6S8
Haletos com Calcogênios,K2C2F2S6
Haletos com Calcogênios,K2C2F6O6S2
Haletos com Calcogênios,K2Cl6N2O6Se2
Haletos com Calcogênios,K2Cl6N2O6Te2
Haletos com Calcogênios,K2F2Se2
Haletos com Calcogênios,K2F6N2O6S2
Haletos com Calcogênios,Li2F6GeS6
Haletos com Calcogênios,Li2MgF4O8S2
Haletos com Calcogênios,Li6F2O8S2
Haletos com Calcogênios,MgF2Se2
Haletos com Calcogênios,Na2Cl2H8S4
Haletos com Calcogênios,Na2Cl2S4
Haletos com Calcogênios,Na2F2Te2
Haletos com Calcogênios,Na2I2S4
Haletos com Calcogênios,Na2SnF6S6
Haletos com Calcogênios,Na6F2O8Te2
Haletos com Calcogênios,NaC5F5N2S5
Haletos com Calcogênios,Pb2As2Cl2S6
Haletos com Calcogênios,Pb2As2F2S6
Haletos com Calcogênios,Pb2Br2Se2
Haletos com Calcogênios,Pb2BrSTe
Haletos com Calcogênios,Pb2F2P2S6
Haletos com Calcogênios,Pb2F2S2
Haletos com Calcogênios,Pb2F2Te2
Haletos com Calcogênios,Pb2I2S
Haletos com Calcogênios,Pb2ISTe
Haletos com Calcogênios,PbBr2Se
Haletos com Calcogênios,PbBrIS
Haletos com Calcogênios,PbF2S2
Haletos com Calcogênios,PbSnBr2S
Haletos com Calcogênios,Rb2C2Cl6O6S2
Haletos com Calcogênios,Rb2C2Cl6S6Te2
Haletos com Calcogênios,Rb2C2F6O2S6
Haletos com Calcogênios,Rb2C2F6O6Se2
Haletos com Calcogênios,Rb2C2F6S6Se2
Haletos com Calcogênios,Rb2C2F6S6Te2
Haletos com Calcogênios,Rb2Cl2S6
Haletos com Calcogênios,Rb2Cl6N2O6Te2
Haletos com Calcogênios,Sn2As2C2F6S6
Haletos com Calcogênios,Sn2Br2S2
Haletos com Calcogênios,Sn2Br2Se2
Haletos com Calcogênios,Sn2Br2Te2
Haletos com Calcogênios,Sn2Cl2Se2
Haletos com Calcogênios,Sn2F2Se2
Haletos com Calcogênios,SnBrIOSSb
Haletos com Calcogênios,SnSrBr2SSb
Haletos com Calcogênios,Sr2B2F2S6
Haletos com Calcogênios,Sr2H8I4S4
Haletos com Calcogênios,Sr4As4F4Te8
Haletos com Calcogênios,Sr4Cl4P4S8
Haletos com Calcogênios,SrF2S2
Haletos com Calcogênios,SrGeI2S
Haletos com Calcogênios,Tl2F2Se2
Haletos com Calcogênios,Tl4Br4Te4
Haletos com Calcogênios,Tl4I4Te4
Haletos com Calcogênios,TlBr2GeS2
Haletos com Calcogênios,TlBr2S
Haletos com Calcogênios,TlClSe
Haletos com Metais de Transição,Ag2As4Cl2S3
Haletos com Metais de Transição,Ag2As4Cl2Se3
Haletos com Metais de Transição,Ag2As4F2O3
Haletos com Metais de Transição,Ag2As4F2Se3
Haletos com Metais de Transição,Ag2B2F2O2
Haletos com Metais de Transição,Ag2B2I2S2
Haletos com Metais de Transição,Ag2B4Br2H4N2
Haletos com Metais de Transição,Ag2B4C2F4I2
Haletos com Metais de Transição,Ag2B4H4I2N2
Haletos com Metais de Transição,Ag2Br2C2O2
Haletos com Metais de Transição,Ag2Br2N2
Haletos com Metais de Transição,Ag2Br2O2
Haletos com Metais de Transição,Ag2Br2P4S3
Haletos com Metais de Transição,Ag2Br2S3Sb4
Haletos com Metais de Transição,Ag2Br2SSe
Haletos com Metais de Transição,Ag2Br2Se2
Haletos com Metais de Transição,Ag2BrCl3
Haletos com Metais de Transição,Ag2C2Cl2F4N4
Haletos com Metais de Transição,Ag2C2I2S2
Haletos com Metais de Transição,Ag2C4F4O8
Haletos com Metais de Transição,Ag2C6Cl2F8N2
Haletos com Metais de Transição,Ag2C6Cl2H4
Haletos com Metais de Transição,Ag2C6Cl2H8N2
Haletos com Metais de Transição,Ag2C8Cl2F8
Haletos com Metais de Transição,Ag2Ca3Br2S4
Haletos com Metais de Transição,Ag2Ca3Cl2O4
Haletos com Metais de Transição,Ag2Cd2F2S2
Haletos com Metais de Transição,Ag2Cl2N2
Haletos com Metais de Transição,Ag2Cl2N2S2
Haletos com Metais de Transição,Ag2Cl2Te4
Haletos com Metais de Transição,Ag2Cl4
Haletos com Metais de Transição,Ag2F2
Haletos com Metais de Transição,Ag2F2N2O2
Haletos com Metais de Transição,Ag2F2N2S2
Haletos com Metais de Transição,Ag2F2P4Se3
Haletos com Metais de Transição,Ag2F2S4
Haletos com Metais de Transição,Ag2F2Se2
Haletos com Metais de Transição,Ag2F2Se4
Haletos com Metais de Transição,Ag2Hg2F2Se2
Haletos com Metais de Transição,Ag2I2P4Se3
Haletos com Metais de Transição,Ag2I2S3Sb4
Haletos com Metais de Transição,Ag2I2Sb4Se3
Haletos com Metais de Transição,Ag2I2Sb4Te3
Haletos com Metais de Transição,Ag2I2Se2
Haletos com Metais de Transição,Ag2I2Te2
Haletos com Metais de Transição,Ag2Sr3I2S4
Haletos com Metais de Transição,Ag4Br4F4S4
Haletos com Metais de Transição,Ag4Br8
Haletos com Metais de Transição,Ag4Cl4H4O4
Haletos com Metais de Transição,Ag4Cl8
Haletos com Metais de Transição,Ag4F4I4O4
Haletos com Metais de Transição,Ag4F4S4
Haletos com Metais de Transição,AgAsCl2Se2
Haletos com Metais de Transição,AgAuBr2S
Haletos com Metais de Transição,AgAuI2SSe
Haletos com Metais de Transição,AgBa2Br2S2
Haletos com Metais de Transição,AgBa2Br2Te2
Haletos com Metais de Transição,AgBa2F2S2
Haletos com Metais de Transição,AgBa2F2Te2
Haletos com Metais de Transição,AgBr
Haletos com Metais de Transição,AgBr2
Haletos com Metais de Transição,AgBr2F
Haletos com Metais de Transição,AgBr2H
Haletos com Metais de Transição,AgBrClS
Haletos com Metais de Transição,AgC12F4S2
Haletos com Metais de Transição,AgCa2Br2Te2
Haletos com Metais de Transição,AgCa2Cl2Se2
Haletos com Metais de Transição,AgCa2F2Te2
Haletos com Metais de Transição,AgCa2I2S2
Haletos com Metais de Transição,AgCaBrCl
Haletos com Metais de Transição,AgCaCuBr2NS
Haletos com Metais de Transição,AgCaI2SSe
Haletos com Metais de Transição,AgCl
Haletos com Metais de Transição,AgCl2Ge
Haletos com Metais de Transição,AgCrI2SbSe
Haletos com Metais de Transição,AgCuGaBrI2S4
Haletos com Metais de Transição,AgCuGaF2I2N
Haletos com Metais de Transição,AgGaCl2Se2
Haletos com Metais de Transição,AgGaI2SSe
Haletos com Metais de Transição,AgGaI2Se
Haletos com Metais de Transição,AgITe
Haletos com Metais de Transição,AgMnCl2N2
Haletos com Metais de Transição,AgMnF4
Haletos com Metais de Transição,AgMnI2OS
Haletos com Metais de Transição,AgNbTaCl2O3
Haletos com Metais de Transição,AgPbI4
Haletos com Metais de Transição,AgRhBrISSe
Haletos com Metais de Transição,AgSn2I2S3
Haletos com Metais de Transição,AgSr2Br2S2
Haletos com Metais de Transição,AgSr2F2O2
Haletos com Metais de Transição,AgVCl4
Haletos com Metais de Transição,AgWBr2NO
Haletos com Metais de Transição,AgWBr5Se
Haletos com Metais de Transição,AgZnBrI
Haletos com Metais de Transição,Al2Y2Cl2
Haletos com Metais de Transição,AlFe5Cl2
Haletos com Metais de Transição,AlPd5F2
Haletos com Metais de Transição,AlPd5I2
Haletos com Metais de Transição,AlPt5Br2
Haletos com Metais de Transição,AlPt5Cl2
Haletos com Metais de Transição,AlRuBr2F
Haletos com Metais de Transição,Au2As4Br2Te3
Haletos com Metais de Transição,Au2B2Br2S2
Haletos com Metais de Transição,Au2B2I2S2
Haletos com Metais de Transição,Au2B4Cl2F4N2
Haletos com Metais de Transição,Au2Br2F2
Haletos com Metais de Transição,Au2Br2OSe
Haletos com Metais de Transição,Au2C4F4O8
Haletos com Metais de Transição,Au2Ca3Cl2O4
Haletos com Metais de Transição,Au2Ca3I2S4
Haletos com Metais de Transição,Au2Cd2Br2S2
Haletos com Metais de Transição,Au2Cd2I2Te2
Haletos com Metais de Transição,Au2Cl2S2
Haletos com Metais de Transição,Au2Cl2S4
Haletos com Metais de Transição,Au2Cl2Se2
Haletos com Metais de Transição,Au2Cl2Se4
Haletos com Metais de Transição,Au2Cl4O12
Haletos com Metais de Transição,Au2ClISe2
Haletos com Metais de Transição,Au2F2P4Se3
Haletos com Metais de Transição,Au2F2P4Te3
Haletos com Metais de Transição,Au2GaSnCl4S3Se
Haletos com Metais de Transição,Au2Hg2Cl2Se2
Haletos com Metais de Transição,Au2Hg2F2Se2
Haletos com Metais de Transição,Au2Hg2I2Se2
Haletos com Metais de Transição,Au2I2N2
Haletos com Metais de Transição,Au2I2Sb4Se3
Haletos com Metais de Transição,Au2I2Te4
Haletos com Metais de Transição,Au2I4
Haletos com Metais de Transição,Au2In2Br3O3
Haletos com Metais de Transição,Au2InNiI4O4
Haletos com Metais de Transição,Au2PdTlZnBr3S7
Haletos com Metais de Transição,Au2ReF6
Haletos com Metais de Transição,Au2ScF3NS
Haletos com Metais de Transição,Au2Sr3I2O4
Haletos com Metais de Transição,Au2SrBr2O2
Haletos com Metais de Transição,Au2VI4S
Haletos com Metais de Transição,Au3BrIS2
Haletos com Metais de Transição,Au3Cl2Se2
Haletos com Metais de Transição,Au3InBr4O4
Haletos com Metais de Transição,Au4Br4O4
Haletos com Metais de Transição,AuAsBrClO2
Haletos com Metais de Transição,AuB6F4N6S2
Haletos com Metais de Transição,AuBa2F2S2
Haletos com Metais de Transição,AuBa2F2Te2
Haletos com Metais de Transição,AuBa2I2S2
Haletos com Metais de Transição,AuBr
Haletos com Metais de Transição,AuBrF2
Haletos com Metais de Transição,AuC12F4S2
Haletos com Metais de Transição,AuCa2Br2O2
Haletos com Metais de Transição,AuCa2Br2Se2
Haletos com Metais de Transição,AuCa2Cl2S2
Haletos com Metais de Transição,AuCa2I2S2
Haletos com Metais de Transição,AuCuClI
Haletos com Metais de Transição,AuF2
Haletos com Metais de Transição,AuF2O2
Haletos com Metais de Transição,AuGaClIS2
Haletos com Metais de Transição,AuGaNiPdBrI3O4
Haletos com Metais de Transição,AuHf2IO3
Haletos com Metais de Transição,AuHfClGeS5
Haletos com Metais de Transição,AuI2
Haletos com Metais de Transição,AuInBr3IO2
Haletos com Metais de Transição,AuInBrSe2
Haletos com Metais de Transição,AuMn3Br3O5
Haletos com Metais de Transição,AuMn3BrCl3IO4Se
Haletos com Metais de Transição,AuMnBr2SSe
Haletos com Metais de Transição,AuRhBr2O2
Haletos com Metais de Transição,AuSnFI2O
Haletos com Metais de Transição,AuSr2I2S2
Haletos com Metais de Transição,AuTlI2S4
Haletos com Metais de Transição,AuZrBr2F2O
Haletos com Metais de Transição,Ba2CuCl2Se2
Haletos com Metais de Transição,Ba2CuF2O2
Haletos com Metais de Transição,Ba2CuI2Te2
Haletos com Metais de Transição,Ba3Fe2Br2S5
Haletos com Metais de Transição,Ba3Fe2Cl2O5
Haletos com Metais de Transição,Ba3Ni2I2O5
Haletos com Metais de Transição,Ba4Fe2Br2O6
Haletos com Metais de Transição,Ba4Mn2I2S6
Haletos com Metais de Transição,Ba4Ni2I2S6
Haletos com Metais de Transição,Bi2Cd2Br2O4
Haletos com Metais de Transição,Bi2Cd2I2O4
Haletos com Metais de Transição,Bi2Co2I2S4
Haletos com Metais de Transição,Bi2Fe2Br2S4
Haletos com Metais de Transição,Bi2Fe2Br2Te4
Haletos com Metais de Transição,Bi2Hf3BrN3O2Sb
Haletos com Metais de Transição,Bi2HfBr2Se
Haletos com Metais de Transição,Bi2Hg2Cl2O4
Haletos com Metais de Transição,Bi2Hg2I2O4
Haletos com Metais de Transição,Bi2Mn2Br2Se4
Haletos com Metais de Transição,Bi2Mn2Cl2S4
Haletos com Metais de Transição,Bi2Mn2F2Se4
Haletos com Metais de Transição,Bi2Mn2F2Te4
Haletos com Metais de Transição,Bi2Mn2I2O4
Haletos com Metais de Transição,Bi2Ni2Br2Te4
Haletos com Metais de Transição,Bi2Pt2Br2I2S4
Haletos com Metais de Transição,Bi4Zn2Br4O6
Haletos com Metais de Transição,Bi4Zn2Cl4O6
Haletos com Metais de Transição,Bi4Zn2I4O6
Haletos com Metais de Transição,BiCdBrTe
Haletos com Metais de Transição,BiHfBrSe3
Haletos com Metais de Transição,BiMn2BrISbSe
Haletos com Metais de Transição,BiNbITe
Haletos com Metais de Transição,BiPdBr2
Haletos com Metais de Transição,BiSc2ZnCl3O3
Haletos com Metais de Transição,BiSc3ZnBr2O7
Haletos com Metais de Transição,BiScBr4SSb3Se4
Haletos com Metais de Transição,BiScI4S2
Haletos com Metais de Transição,BiZr3BrClN2
Haletos com Metais de Transição,BiZrI2S
Haletos com Metais de Transição,Ca2CuBr2Se2
Haletos com Metais de Transição,Ca2CuCl2O2
Haletos com Metais de Transição,Ca2CuCl2Te2
Haletos com Metais de Transição,Ca2CuF2O2
Haletos com Metais de Transição,Ca2CuF2S2
Haletos com Metais de Transição,Ca2CuI2O2
Haletos com Metais de Transição,Ca3Co2Br2S5
Haletos com Metais de Transição,Ca3Co2I2S5
Haletos com Metais de Transição,Ca3Cu2Br2O4
Haletos com Metais de Transição,Ca3Cu2Cl2S4
Haletos com Metais de Transição,Ca3Fe2I2S5
Haletos com Metais de Transição,Ca3Mn2Cl2S5
Haletos com Metais de Transição,Ca4Co2Cl2S6
Haletos com Metais de Transição,Ca4Mn2Cl2S6
Haletos com Metais de Transição,CaMnSrI2Se
Haletos com Metais de Transição,CaZnClIOS
Haletos com Metais de Transição,Cd2Br2Te2
Haletos com Metais de Transição,Cd2BrIS
Haletos com Metais de Transição,Cd2Cl2S2
Haletos com Metais de Transição,Cd2Cl2Se2
Haletos com Metais de Transição,Cd2Cu2Br2S2
Haletos com Metais de Transição,Cd2Cu2Br2Te2
Haletos com Metais de Transição,Cd2Cu2I2Te2
Haletos com Metais de Transição,Cd2F2O4Sb2
Haletos com Metais de Transição,Cd2F2S4Sb2
Haletos com Metais de Transição,Cd2K4F8
Haletos com Metais de Transição,Cd2SrBr2S2
Haletos com Metais de Transição,Cd4Br4O4
Haletos com Metais de Transição,Cd4Cs2Br6O6Se2
Haletos com Metais de Transição,Cd4Cs2Cl6S6Se2
Haletos com Metais de Transição,Cd4Cs2Cl6S6Te2
Haletos com Metais de Transição,Cd4Cs2F6O6Se2
Haletos com Metais de Transição,Cd4Cs2I6O6S2
Haletos com Metais de Transição,Cd4Cs2I6S6Te2
Haletos com Metais de Transição,Cd4K2Br6O8
Haletos com Metais de Transição,Cd4K2Br6S8
Haletos com Metais de Transição,Cd4K2F6O8
Haletos com Metais de Transição,Cd4K2I6O2S6
Haletos com Metais de Transição,Cd4K2I6O6Se2
Haletos com Metais de Transição,Cd4K2I6O6Te2
Haletos com Metais de Transição,Cd4K2I6S6Se2
Haletos com Metais de Transição,Cd4Na2Br6O8
Haletos com Metais de Transição,Cd4Na2Br6S6Te2
Haletos com Metais de Transição,Cd4Na2F6O6Se2
Haletos com Metais de Transição,Cd4Na2I6O6S2
Haletos com Metais de Transição,Cd4Rb2Br6O6S2
Haletos com Metais de Transição,Cd4Rb2Br6O6Se2
Haletos com Metais de Transição,Cd4Rb2Br6O6Te2
Haletos com Metais de Transição,Cd4Rb2Br6S6Se2
Haletos com Metais de Transição,Cd4Rb2Br6S6Te2
Haletos com Metais de Transição,Cd4Rb2Cl6O2S6
Haletos com Metais de Transição,Cd4Rb2Cl6O6Se2
Haletos com Metais de Transição,Cd4Rb2F6S6Se2
Haletos com Metais de Transição,Cd4Rb2F6S8
Haletos com Metais de Transição,Cd4Rb2I6O6S2
Haletos com Metais de Transição,Cd4Rb2I6O6Se2
Haletos com Metais de Transição,Cd4Rb2I6O6Te2
Haletos com Metais de Transição,Cd4Rb2I6O8
Haletos com Metais de Transição,CdB4Br2H4N2
Haletos com Metais de Transição,CdB4Cl2F4N2
Haletos com Metais de Transição,CdBr2C2F4N4
Haletos com Metais de Transição,CdBr2H4N6
Haletos com Metais de Transição,CdBrHS
Haletos com Metais de Transição,CdBrIO2Sb
Haletos com Metais de Transição,CdC6Cl2H4
Haletos com Metais de Transição,CdC6F2H4
Haletos com Metais de Transição,CdC6H4I2
Haletos com Metais de Transição,CdClFO
Haletos com Metais de Transição,CdClGeIS
Haletos com Metais de Transição,CdClS
Haletos com Metais de Transição,CdCuBr2Te2
Haletos com Metais de Transição,CdF2O
Haletos com Metais de Transição,CdF2O2
Haletos com Metais de Transição,CdF2S2
Haletos com Metais de Transição,CdF2Se2
Haletos com Metais de Transição,CdFHO
Haletos com Metais de Transição,CdH4I2N6
Haletos com Metais de Transição,CdHf3BrCl2IO2
Haletos com Metais de Transição,CdPb2Br2O2
Haletos com Metais de Transição,CdPb2Cl2S2
Haletos com Metais de Transição,CdPdBrFS
Haletos com Metais de Transição,CdSn2Cl2O2
Haletos com Metais de Transição,CdZrI2S2
Haletos com Metais de Transição,Co2As4Br4O6
Haletos com Metais de Transição,Co2As4Cl4O6
Haletos com Metais de Transição,Co2Br2S2
Haletos com Metais de Transição,Co2Br4O6Sb4
Haletos com Metais de Transição,Co2Br6
Haletos com Metais de Transição,Co2Cl2Te2
Haletos com Metais de Transição,Co2ClS
Haletos com Metais de Transição,Co2I2O2
Haletos com Metais de Transição,Co2I2S4Sb2
Haletos com Metais de Transição,Co2I4O6P4
Haletos com Metais de Transição,Co2I4S6Sb4
Haletos com Metais de Transição,Co2I6
Haletos com Metais de Transição,Co2Mo2I2S8
Haletos com Metais de Transição,Co2NiBrS3Se
Haletos com Metais de Transição,Co2Sr3I2S5
Haletos com Metais de Transição,Co2W2Br2O8
Haletos com Metais de Transição,Co2W2I2S8
Haletos com Metais de Transição,Co5InBr2
Haletos com Metais de Transição,Co5InF2
Haletos com Metais de Transição,Co5TlCl2
Haletos com Metais de Transição,Co5TlF2
Haletos com Metais de Transição,CoB4Br2F4N2
Haletos com Metais de Transição,CoB4C2F4I2
Haletos com Metais de Transição,CoBr2C4F4N2
Haletos com Metais de Transição,CoBr2C4H4N2
Haletos com Metais de Transição,CoBr2C8F4
Haletos com Metais de Transição,CoBr2O8
Haletos com Metais de Transição,CoC2Cl2H4N4
Haletos com Metais de Transição,CoC2F2H4N6
Haletos com Metais de Transição,CoC4F6N2
Haletos com Metais de Transição,CoC4H4I2N2
Haletos com Metais de Transição,CoC6F8S4
Haletos com Metais de Transição,CoC6H4I2
Haletos com Metais de Transição,CoC8F6
Haletos com Metais de Transição,CoCl2
Haletos com Metais de Transição,CoF2S2
Haletos com Metais de Transição,CoHfBr6
Haletos com Metais de Transição,CoIrMnClO4
Haletos com Metais de Transição,CoMn3Ni2Cl7S7
Haletos com Metais de Transição,CoMnBr2O
Haletos com Metais de Transição,CoMnBr4
Haletos com Metais de Transição,CoMnRhBrTe3
Haletos com Metais de Transição,CoNi3I3Se
Haletos com Metais de Transição,CoNiBrCl3S2
Haletos com Metais de Transição,CoNiBrSeTe2
Haletos com Metais de Transição,CoZrF6
Haletos com Metais de Transição,Cr2BCl2
Haletos com Metais de Transição,Cr2Br2
Haletos com Metais de Transição,Cr2Br2Cl2
Haletos com Metais de Transição,Cr2Br2Te2
Haletos com Metais de Transição,Cr2Br4C16H16N8
Haletos com Metais de Transição,Cr2CCl2
Haletos com Metais de Transição,Cr2Cl2
Haletos com Metais de Transição,Cr2Cl8
Haletos com Metais de Transição,Cr2CuClIS3
Haletos com Metais de Transição,Cr2F2
Haletos com Metais de Transição,Cr2F2N2
Haletos com Metais de Transição,Cr2F4
Haletos com Metais de Transição,Cr2Ta3Br4CN3
Haletos com Metais de Transição,Cr3NiBrCl2SSe3
Haletos com Metais de Transição,Cr4C3F2
Haletos com Metais de Transição,CrB4ClH4S6
Haletos com Metais de Transição,CrB4FH4O6
Haletos com Metais de Transição,CrB4FH4S6
Haletos com Metais de Transição,CrBr2O
Haletos com Metais de Transição,CrBrCl
Haletos com Metais de Transição,CrBrIS2Si
Haletos com Metais de Transição,CrCl2O
Haletos com Metais de Transição,CrCl2S
Haletos com Metais de Transição,CrCuBr2S2
Haletos com Metais de Transição,CrFO2
Haletos com Metais de Transição,CrFe2RhISe3Te2
Haletos com Metais de Transição,CrMn3Br3OS2Se
Haletos com Metais de Transição,CrMnTaClI3S3
Haletos com Metais de Transição,CrMoCl6
Haletos com Metais de Transição,CrNbCl6
Haletos com Metais de Transição,CrOsWCl3S4
Haletos com Metais de Transição,CrTaCl6
Haletos com Metais de Transição,CrVCl2N2
Haletos com Metais de Transição,CrWCl6
Haletos com Metais de Transição,Cs2Hg4Br6O6Se2
Haletos com Metais de Transição,Cs2Hg4Br6O8
Haletos com Metais de Transição,Cs2Hg4Br6S6Se2
Haletos com Metais de Transição,Cs2Hg4Cl6O6Se2
Haletos com Metais de Transição,Cs2Hg4Cl6O6Te2
Haletos com Metais de Transição,Cs2Hg4Cl6O8
Haletos com Metais de Transição,Cs2Hg4Cl6S6Se2
Haletos com Metais de Transição,Cs2Hg4Cl6S6Te2
Haletos com Metais de Transição,Cs2Hg4F6O6Se2
Haletos com Metais de Transição,Cs2Hg4F6O6Te2
Haletos com Metais de Transição,Cs2Hg4I6O6Te2
Haletos com Metais de Transição,Cs2Os2Br8C2O4
Haletos com Metais de Transição,Cs2Os2C2I8O4
Haletos com Metais de Transição,Cs2Os2I8N2S4
Haletos com Metais de Transição,Cs4Hg2Cl8
Haletos com Metais de Transição,Cu2B2I2O2
Haletos com Metais de Transição,Cu2B2I2S2
Haletos com Metais de Transição,Cu2B4Cl2F4N2
Haletos com Metais de Transição,Cu2B4Cl2H4N2
Haletos com Metais de Transição,Cu2Br2C6F8N2
Haletos com Metais de Transição,Cu2Br2C6H4
Haletos com Metais de Transição,Cu2Br2GeO2
Haletos com Metais de Transição,Cu2Br2N2S2
Haletos com Metais de Transição,Cu2Br2S4
Haletos com Metais de Transição,Cu2Br2Sb4Te3
Haletos com Metais de Transição,Cu2C2Cl2O2
Haletos com Metais de Transição,Cu2C4Cl2H4N2
Haletos com Metais de Transição,Cu2C6Cl2H8N2
Haletos com Metais de Transição,Cu2Cl2
Haletos com Metais de Transição,Cu2Cl2H4N6
Haletos com Metais de Transição,Cu2Cl2P4S3
Haletos com Metais de Transição,Cu2Cl2S3Sb4
Haletos com Metais de Transição,Cu2Cl6
Haletos com Metais de Transição,Cu2F2P4Te3
Haletos com Metais de Transição,Cu2F2S2
Haletos com Metais de Transição,Cu2F4
Haletos com Metais de Transição,Cu2Hg2Br2Se2
Haletos com Metais de Transição,Cu2Hg2Cl2S2
Haletos com Metais de Transição,Cu2Hg2F2Te2
Haletos com Metais de Transição,Cu2I2N2
Haletos com Metais de Transição,Cu2I2O2
Haletos com Metais de Transição,Cu2I2P4Te3
Haletos com Metais de Transição,Cu2I2S2Te
Haletos com Metais de Transição,Cu2I2S4
Haletos com Metais de Transição,Cu2I2Sb4Se3
Haletos com Metais de Transição,Cu2I2Se
Haletos com Metais de Transição,Cu2I2Se2
Haletos com Metais de Transição,Cu2I2Te2
Haletos com Metais de Transição,Cu2I6
Haletos com Metais de Transição,Cu2Ir2Br4O6
Haletos com Metais de Transição,Cu2IrBr2I2S
Haletos com Metais de Transição,Cu2ReIO2S
Haletos com Metais de Transição,Cu3Br5SSe
Haletos com Metais de Transição,Cu4Br4H4O4
Haletos com Metais de Transição,Cu4Br4H4S4
Haletos com Metais de Transição,Cu4Br4O4
Haletos com Metais de Transição,Cu4Cl4Se4
Haletos com Metais de Transição,Cu4F4I4S4
Haletos com Metais de Transição,Cu4F8S4
Haletos com Metais de Transição,Cu4I4S4
Haletos com Metais de Transição,Cu5SnAs2Cl5I3S4
Haletos com Metais de Transição,Cu6Br2Cl6S3Se
Haletos com Metais de Transição,CuBr
Haletos com Metais de Transição,CuC12F4O2
Haletos com Metais de Transição,CuCl2S2Sb
Haletos com Metais de Transição,CuClSSe
Haletos com Metais de Transição,CuFeCl3Ge2HO6
Haletos com Metais de Transição,CuFeITe
Haletos com Metais de Transição,CuGa2BrIS3
Haletos com Metais de Transição,CuGa3Cl4S2
Haletos com Metais de Transição,CuI2SbSe2
Haletos com Metais de Transição,CuInBrIS2
Haletos com Metais de Transição,CuInClIS2
Haletos com Metais de Transição,CuIrCl2S2
Haletos com Metais de Transição,CuLiMoBr2O2
Haletos com Metais de Transição,CuMnMoI2OS
Haletos com Metais de Transição,CuMoBr2O2
Haletos com Metais de Transição,CuNb3Br6O2
Haletos com Metais de Transição,CuNbNiI2N3
Haletos com Metais de Transição,CuNiReBr8
Haletos com Metais de Transição,CuPtI2S2
Haletos com Metais de Transição,CuRe2Br4Se
Haletos com Metais de Transição,CuRhBr2O
Haletos com Metais de Transição,CuSr2F2S2
Haletos com Metais de Transição,CuWBr2OS
Haletos com Metais de Transição,Fe2As2Cl2S4
Haletos com Metais de Transição,Fe2As4Br4O6
Haletos com Metais de Transição,Fe2Br2
Haletos com Metais de Transição,Fe2Br2P2Se4
Haletos com Metais de Transição,Fe2Br2P2Te4
Haletos com Metais de Transição,Fe2Br6
Haletos com Metais de Transição,Fe2C2Cl2
Haletos com Metais de Transição,Fe2CF2
Haletos com Metais de Transição,Fe2Cl2
Haletos com Metais de Transição,Fe2Cl2S4Sb2
Haletos com Metais de Transição,Fe2Cl2Sb2Se4
Haletos com Metais de Transição,Fe2F2NO2
Haletos com Metais de Transição,Fe2I2
Haletos com Metais de Transição,Fe2I2N2
Haletos com Metais de Transição,Fe2I2P2Te4
Haletos com Metais de Transição,Fe2I2S2
Haletos com Metais de Transição,Fe2I2SSe3
Haletos com Metais de Transição,Fe2I2Te2
Haletos com Metais de Transição,Fe2LiBrClO4Sb
Haletos com Metais de Transição,Fe2Mo2Br2O8
Haletos com Metais de Transição,Fe2Mo2I2S8
Haletos com Metais de Transição,Fe3B2F2
Haletos com Metais de Transição,Fe3C2Cl2
Haletos com Metais de Transição,Fe3Cl3IS
Haletos com Metais de Transição,Fe4B3F2O2
Haletos com Metais de Transição,Fe5GaBr2
Haletos com Metais de Transição,Fe5GaCl2
Haletos com Metais de Transição,Fe5GaI2
Haletos com Metais de Transição,Fe5InF2
Haletos com Metais de Transição,Fe5TlCl2
Haletos com Metais de Transição,FeB4Br2F4N2
Haletos com Metais de Transição,FeB4C2F6
Haletos com Metais de Transição,FeBr2C2H4N4
Haletos com Metais de Transição,FeC6F6N2
Haletos com Metais de Transição,FeC8F2H4
Haletos com Metais de Transição,FeCl2
Haletos com Metais de Transição,FeF2O2
Haletos com Metais de Transição,FeF2S
Haletos com Metais de Transição,FeF6N6
Haletos com Metais de Transição,FeMn2BrCl3Se
Haletos com Metais de Transição,FePdBrIS2
Haletos com Metais de Transição,FeReClI2Te
Haletos com Metais de Transição,FeZrCl6
Haletos com Metais de Transição,Ga2HfBr3GeIS4
Haletos com Metais de Transição,Ga2RuBr2PSe4
Haletos com Metais de Transição,GaHfClIN2
Haletos com Metais de Transição,GaIrBr2OS
Haletos com Metais de Transição,GaMnBr2Ge2
Haletos com Metais de Transição,GaNbZrCl2N2
Haletos com Metais de Transição,GaNbZrI2S3
Haletos com Metais de Transição,GaNi3RuZnCl3IP3Te2
Haletos com Metais de Transição,GaNiBrClS2
Haletos com Metais de Transição,GaNiTa2Br3ClS4
Haletos com Metais de Transição,GaOs3Br4S4
Haletos com Metais de Transição,GaRhCl2O2
Haletos com Metais de Transição,GaRuISe
Haletos com Metais de Transição,GaTaBrTe3
Haletos com Metais de Transição,GaZrBrClNS
Haletos com Metais de Transição,Hf2Br2
Haletos com Metais de Transição,Hf2Br2I2
Haletos com Metais de Transição,Hf2Br2O2
Haletos com Metais de Transição,Hf2Br6
Haletos com Metais de Transição,Hf2BrCl2S3
Haletos com Metais de Transição,Hf2BrCl3S2
Haletos com Metais de Transição,Hf2BrClO2
Haletos com Metais de Transição,Hf2BrIS4
Haletos com Metais de Transição,Hf2BrNSe
Haletos com Metais de Transição,Hf2C2F2
Haletos com Metais de Transição,Hf2C2I2
Haletos com Metais de Transição,Hf2Cl2N
Haletos com Metais de Transição,Hf2Cl2S2
Haletos com Metais de Transição,Hf2Cl2Te2
Haletos com Metais de Transição,Hf2Cl3S
Haletos com Metais de Transição,Hf2F2Te2
Haletos com Metais de Transição,Hf2I2N
Haletos com Metais de Transição,Hf2I2NO
Haletos com Metais de Transição,Hf2I2OS
Haletos com Metais de Transição,Hf2Mo2ClI3S2Se2
Haletos com Metais de Transição,Hf2Ti2Br3ClS4
Haletos com Metais de Transição,Hf2TiZrBr8
Haletos com Metais de Transição,Hf2VClIO4
Haletos com Metais de Transição,Hf3Br2NS
Haletos com Metais de Transição,Hf3BrIO2
Haletos com Metais de Transição,Hf3C2F2S2
Haletos com Metais de Transição,Hf3Cl4GeS3Se
Haletos com Metais de Transição,Hf3F2N2Se2
Haletos com Metais de Transição,Hf3INS3
Haletos com Metais de Transição,Hf3MoBr3Cl3SSe
Haletos com Metais de Transição,Hf3WClI4O2Se
Haletos com Metais de Transição,Hf3ZrI6Se2
Haletos com Metais de Transição,Hf4Br3ClS2Se2
Haletos com Metais de Transição,Hf4Br3IS3Se
Haletos com Metais de Transição,Hf4Br3S5
Haletos com Metais de Transição,Hf4Br4O4
Haletos com Metais de Transição,Hf4Br4S4
Haletos com Metais de Transição,Hf4Cl2N3
Haletos com Metais de Transição,Hf4Cl4Se4
Haletos com Metais de Transição,Hf4F2N3
Haletos com Metais de Transição,Hf4F4Te4
Haletos com Metais de Transição,Hf4I4O4
Haletos com Metais de Transição,Hf4I4Se4
Haletos com Metais de Transição,Hf4I4Te4
Haletos com Metais de Transição,HfBr2Se
Haletos com Metais de Transição,HfCl2
Haletos com Metais de Transição,HfCl2Ge
Haletos com Metais de Transição,HfCl3GeS3
Haletos com Metais de Transição,HfClF
Haletos com Metais de Transição,HfClISe
Haletos com Metais de Transição,HfF2O6Sb2
Haletos com Metais de Transição,HfFI
Haletos com Metais de Transição,HfK2F6O6
Haletos com Metais de Transição,HfMn2BrIO3
Haletos com Metais de Transição,HfMn3Br4S4
Haletos com Metais de Transição,HfMnBr2S2
Haletos com Metais de Transição,HfMnBrIS2
Haletos com Metais de Transição,HfMnI2O
Haletos com Metais de Transição,HfMoBr2ISe2Te
Haletos com Metais de Transição,HfMoZrBr5ClS3
Haletos com Metais de Transição,HfNbBr2N2
Haletos com Metais de Transição,HfNiTi2I4S6
Haletos com Metais de Transição,HfRe2RhBrISe6
Haletos com Metais de Transição,HfRh3Br4S4
Haletos com Metais de Transição,HfRhBr2S2
Haletos com Metais de Transição,HfRuCl4
Haletos com Metais de Transição,HfSc2ZrCl2O5
Haletos com Metais de Transição,HfScBr2I2
Haletos com Metais de Transição,HfSn3FO7
Haletos com Metais de Transição,HfSnCl4O2
Haletos com Metais de Transição,HfTiBr2NS
Haletos com Metais de Transição,HfTiBrI3OS
Haletos com Metais de Transição,HfTiITe
Haletos com Metais de Transição,HfTiZrCl2HO4
Haletos com Metais de Transição,HfTlClINO
Haletos com Metais de Transição,HfVBrI3NO
Haletos com Metais de Transição,HfVBrIO2
Haletos com Metais de Transição,HfWBr2O2
Haletos com Metais de Transição,HfWZr2BCl6GeO3Se
Haletos com Metais de Transição,HfZnBr2O
Haletos com Metais de Transição,HfZnCl2O2
Haletos com Metais de Transição,HfZr2Cl2SSe2
Haletos com Metais de Transição,HfZr2I2S3
Haletos com Metais de Transição,HfZr2I2Se3
Haletos com Metais de Transição,HfZr3I4S4
Haletos com Metais de Transição,HfZrBrClO2
Haletos com Metais de Transição,HfZrBrISe2
Haletos com Metais de Transição,HfZrCl2IS3
Haletos com Metais de Transição,Hg2Br2O2
Haletos com Metais de Transição,Hg2Br2O4Sb2
Haletos com Metais de Transição,Hg2Br2Te2
Haletos com Metais de Transição,Hg2Cl2
Haletos com Metais de Transição,Hg2F2S4Sb2
Haletos com Metais de Transição,Hg2F2Te2
Haletos com Metais de Transição,Hg2F4S8Te2
Haletos com Metais de Transição,Hg2I2S
Haletos com Metais de Transição,Hg2K4F8
Haletos com Metais de Transição,Hg2Na4Cl8
Haletos com Metais de Transição,Hg2Na4F8
Haletos com Metais de Transição,Hg4K2F6O2S6
Haletos com Metais de Transição,Hg4K2F6O8
Haletos com Metais de Transição,Hg4K2I6O2S6
Haletos com Metais de Transição,Hg4K2I6O6S2
Haletos com Metais de Transição,Hg4K2I6O6Se2
Haletos com Metais de Transição,Hg4K2I6S8
Haletos com Metais de Transição,Hg4Na2Br6O6S2
Haletos com Metais de Transição,Hg4Na2Br6O6Te2
Haletos com Metais de Transição,Hg4Na2Cl6O6Te2
Haletos com Metais de Transição,Hg4Na2F6O2S6
Haletos com Metais de Transição,Hg4Na2F6O6Se2
Haletos com Metais de Transição,Hg4Na2I6O6Se2
Haletos com Metais de Transição,Hg4Na2I6S6Se2
Haletos com Metais de Transição,Hg4Rb2Br6O2S6
Haletos com Metais de Transição,Hg4Rb2Br6O8
Haletos com Metais de Transição,Hg4Rb2Cl6S8
Haletos com Metais de Transição,Hg4Rb2F6S8
Haletos com Metais de Transição,HgB4Cl2F4N2
Haletos com Metais de Transição,HgBrFO
Haletos com Metais de Transição,HgC4Cl2H4N2
Haletos com Metais de Transição,HgGeI2Se2
Haletos com Metais de Transição,HgHIO
Haletos com Metais de Transição,HgPb2Cl2O2
Haletos com Metais de Transição,In2Y2Cl2
Haletos com Metais de Transição,InIrBr4O2
Haletos com Metais de Transição,InIrBrIS4
Haletos com Metais de Transição,InIrMnBr2S3
Haletos com Metais de Transição,InMnBr6
Haletos com Metais de Transição,InNb2AsClS2Te3
Haletos com Metais de Transição,InNbZn2Br4O4
Haletos com Metais de Transição,InNi5Cl2
Haletos com Metais de Transição,InNiBr2ClS
Haletos com Metais de Transição,InNiClS
Haletos com Metais de Transição,InPd5F2
Haletos com Metais de Transição,InPd5I2
Haletos com Metais de Transição,InPdBrClS2
Haletos com Metais de Transição,InPdI2SSe
Haletos com Metais de Transição,InSc2Br2S
Haletos com Metais de Transição,Ir2Br2IS3
Haletos com Metais de Transição,Ir2Br2N2
Haletos com Metais de Transição,Ir2Br2Se2
Haletos com Metais de Transição,Ir2BrClS2
Haletos com Metais de Transição,Ir2Cl2N2
Haletos com Metais de Transição,Ir2Cl2Se2
Haletos com Metais de Transição,Ir2Cl4O2
Haletos com Metais de Transição,Ir2I2N2
Haletos com Metais de Transição,Ir2I2Te2
Haletos com Metais de Transição,Ir2IPS2Se2
Haletos com Metais de Transição,Ir2MnBr2SSe2
Haletos com Metais de Transição,Ir2Ni2Br2S4
Haletos com Metais de Transição,Ir2Ni2BrClS6
Haletos com Metais de Transição,Ir3Pd2TaB2CCl2ISSe3
Haletos com Metais de Transição,Ir3PtBrCl3NO
Haletos com Metais de Transição,Ir4Br3ClO4
Haletos com Metais de Transição,IrF2
Haletos com Metais de Transição,IrGeI2O2
Haletos com Metais de Transição,IrMn2Br3Se4
Haletos com Metais de Transição,IrMo2Cl2O4
Haletos com Metais de Transição,IrMoRh2ClO7
Haletos com Metais de Transição,IrNb2BrISe3
Haletos com Metais de Transição,IrNiBr2Cl4
Haletos com Metais de Transição,IrNiPd2Cl8
Haletos com Metais de Transição,IrPd4BrCl3O3S3
Haletos com Metais de Transição,IrPdIOSe
Haletos com Metais de Transição,IrTiZrI2OS
Haletos com Metais de Transição,K2MnCl3P2S7
Haletos com Metais de Transição,K2Nb2F12
Haletos com Metais de Transição,K2Os2C2I8O4
Haletos com Metais de Transição,K2Os2Cl10N2S2
Haletos com Metais de Transição,K2Ru2Br8C2O4
Haletos com Metais de Transição,K2Ru2C2Cl8O4
Haletos com Metais de Transição,K2Ta2Br12
Haletos com Metais de Transição,KMo2I6O2
Haletos com Metais de Transição,KW2Br6S2
Haletos com Metais de Transição,Li2Ni5PdBrS8Se3
Haletos com Metais de Transição,Li2Ti2Br2N2
Haletos com Metais de Transição,Li2Ti2C2I2
Haletos com Metais de Transição,LiMnI2O2
Haletos com Metais de Transição,LiMnNbBr2SiTe4
Haletos com Metais de Transição,LiNbBr6
Haletos com Metais de Transição,LiNiTaBr2NO2
Haletos com Metais de Transição,LiPdFS
Haletos com Metais de Transição,LiW2I6O2
Haletos com Metais de Transição,Mn2As2Br2O4
Haletos com Metais de Transição,Mn2As2F2S4
Haletos com Metais de Transição,Mn2As2I2Se4
Haletos com Metais de Transição,Mn2Br2O2
Haletos com Metais de Transição,Mn2Br2O4P2
Haletos com Metais de Transição,Mn2Br2P2Se4
Haletos com Metais de Transição,Mn2Br2Sb2Se4
Haletos com Metais de Transição,Mn2Br2Sb2Te4
Haletos com Metais de Transição,Mn2Br2Te2
Haletos com Metais de Transição,Mn2Br6GeO
Haletos com Metais de Transição,Mn2BrIOSe
Haletos com Metais de Transição,Mn2C2I2
Haletos com Metais de Transição,Mn2Cl2Te2
Haletos com Metais de Transição,Mn2F2N2
Haletos com Metais de Transição,Mn2F4S8Se2
Haletos com Metais de Transição,Mn2I2P2Se4
Haletos com Metais de Transição,Mn2I2SSe2
Haletos com Metais de Transição,Mn2Mo2Br2O8
Haletos com Metais de Transição,Mn2MoCl6Se
Haletos com Metais de Transição,Mn2MoTaZrBrClNO4
Haletos com Metais de Transição,Mn2NaSrBrSSb
Haletos com Metais de Transição,Mn2Sr4Cl2S6
Haletos com Metais de Transição,Mn2VBr4O4
Haletos com Metais de Transição,Mn2W2Br2S8
Haletos com Metais de Transição,Mn2W2Cl2O6
Haletos com Metais de Transição,Mn2W2I2S8
Haletos com Metais de Transição,Mn3B2Cl2
Haletos com Metais de Transição,Mn3BrClO2
Haletos com Metais de Transição,Mn4B3F2O2
Haletos com Metais de Transição,Mn4Br2ClN3S2
Haletos com Metais de Transição,Mn4C3F2
Haletos com Metais de Transição,Mn5Br2Cl5O2Se2
Haletos com Metais de Transição,Mn8Cl8S4
Haletos com Metais de Transição,MnBr2GeSSb
Haletos com Metais de Transição,MnBrGeIS2
Haletos com Metais de Transição,MnBrGeISSe
Haletos com Metais de Transição,MnBrSb2
Haletos com Metais de Transição,MnCl2
Haletos com Metais de Transição,MnCl2GeSe
Haletos com Metais de Transição,MnClSeSi
Haletos com Metais de Transição,MnF2S2
Haletos com Metais de Transição,MnGeI2OS
Haletos com Metais de Transição,MnGeI2S2
Haletos com Metais de Transição,MnI2
Haletos com Metais de Transição,MnMoBr4S2
Haletos com Metais de Transição,MnMoCl2N2
Haletos com Metais de Transição,MnMoCl4O2
Haletos com Metais de Transição,MnMoTaCl2NSe2
Haletos com Metais de Transição,MnNa2As2Cl3S7
Haletos com Metais de Transição,MnNa2F3P2S7
Haletos com Metais de Transição,MnNaBrS
Haletos com Metais de Transição,MnNaZnBrS2
Haletos com Metais de Transição,MnNbBr2IS
Haletos com Metais de Transição,MnNbI2NS
Haletos com Metais de Transição,MnPdCl4O2
Haletos com Metais de Transição,MnSnBrClGeO5
Haletos com Metais de Transição,MnSnBrClO2
Haletos com Metais de Transição,MnSnITe
Haletos com Metais de Transição,MnVI2N2
Haletos com Metais de Transição,MnWBrClO2
Haletos com Metais de Transição,MnWBrIN3
Haletos com Metais de Transição,MnWCl2N2
Haletos com Metais de Transição,MnWClISe2
Haletos com Metais de Transição,MnYBr2O2
Haletos com Metais de Transição,MnYBrO2Se
Haletos com Metais de Transição,MnZnBr2N2
Haletos com Metais de Transição,MnZr2BrO5
Haletos com Metais de Transição,Mo2Br2Cl2O2
Haletos com Metais de Transição,Mo2Br2STe
Haletos com Metais de Transição,Mo2Br2Se2
Haletos com Metais de Transição,Mo2Br2Te2
Haletos com Metais de Transição,Mo2Br4
Haletos com Metais de Transição,Mo2C2I2
Haletos com Metais de Transição,Mo2Cl2N
Haletos com Metais de Transição,Mo2Cl2Se2
Haletos com Metais de Transição,Mo2Cl2Te2
Haletos com Metais de Transição,Mo2Cl6
Haletos com Metais de Transição,Mo2I2S2
Haletos com Metais de Transição,Mo2I4
Haletos com Metais de Transição,Mo2NaCl6S2
Haletos com Metais de Transição,Mo2NbI2S2Se
Haletos com Metais de Transição,Mo2Ni2Br2S8
Haletos com Metais de Transição,Mo2VBrClNO2
Haletos com Metais de Transição,Mo2W2ClSSeTe
Haletos com Metais de Transição,Mo2ZnBrClO3
Haletos com Metais de Transição,Mo3Cl2N2
Haletos com Metais de Transição,Mo3NbBrISbTe
Haletos com Metais de Transição,Mo4B3F2
Haletos com Metais de Transição,MoBr2GeO2
Haletos com Metais de Transição,MoBr2SbSe
Haletos com Metais de Transição,MoBrClN2Sb
Haletos com Metais de Transição,MoCI
Haletos com Metais de Transição,MoCl2N
Haletos com Metais de Transição,MoClI
Haletos com Metais de Transição,MoNbCl4
Haletos com Metais de Transição,MoNbZr2Br3Se5
Haletos com Metais de Transição,MoZrCl2S2
Haletos com Metais de Transição,Na2NiF2
Haletos com Metais de Transição,Na2PdF2
Haletos com Metais de Transição,Na2Ru2Br8C2S4
Haletos com Metais de Transição,Na2Ru2Br8N2O4
Haletos com Metais de Transição,Na2Ru2C2I8O4
Haletos com Metais de Transição,Na2Ru2I8N2O4
Haletos com Metais de Transição,Na2Ru2I8N2S4
Haletos com Metais de Transição,Na2Ti2C2Cl2
Haletos com Metais de Transição,Na2Ti2C2F2
Haletos com Metais de Transição,Na2Ti2F2N2
Haletos com Metais de Transição,Nb2BF2
Haletos com Metais de Transição,Nb2Br2Cl4
Haletos com Metais de Transição,Nb2Br2O2
Haletos com Metais de Transição,Nb2Br2O4
Haletos com Metais de Transição,Nb2Br2S2
Haletos com Metais de Transição,Nb2Br2STe
Haletos com Metais de Transição,Nb2Br2Se2
Haletos com Metais de Transição,Nb2Br3IS2
Haletos com Metais de Transição,Nb2BrClNO
Haletos com Metais de Transição,Nb2C2F2
Haletos com Metais de Transição,Nb2Cl2S2
Haletos com Metais de Transição,Nb2Cl4S4
Haletos com Metais de Transição,Nb2F2
Haletos com Metais de Transição,Nb2F2NS2
Haletos com Metais de Transição,Nb2F2O2
Haletos com Metais de Transição,Nb2F2S2
Haletos com Metais de Transição,Nb2F4
Haletos com Metais de Transição,Nb2F4O4
Haletos com Metais de Transição,Nb2F6
Haletos com Metais de Transição,Nb2I2
Haletos com Metais de Transição,Nb2I2N2
Haletos com Metais de Transição,Nb2I2OSb
Haletos com Metais de Transição,Nb2I2OSe
Haletos com Metais de Transição,Nb2I2Te2
Haletos com Metais de Transição,Nb2I4O2
Haletos com Metais de Transição,Nb2I4Te4
Haletos com Metais de Transição,Nb3B2F2
Haletos com Metais de Transição,Nb3Br2Se5
Haletos com Metais de Transição,Nb3Br7S
Haletos com Metais de Transição,Nb3BrIS2
Haletos com Metais de Transição,Nb3C2F2S2
Haletos com Metais de Transição,Nb3CCl3N
Haletos com Metais de Transição,Nb3I7O
Haletos com Metais de Transição,Nb3I7Se
Haletos com Metais de Transição,Nb3I8
Haletos com Metais de Transição,Nb4Br2O2Se2
Haletos com Metais de Transição,Nb4BrCl3O4
Haletos com Metais de Transição,Nb4Cl2N3
Haletos com Metais de Transição,Nb4Cl2Te12
Haletos com Metais de Transição,Nb4IO7
Haletos com Metais de Transição,Nb5C2ClFI2O2S2
Haletos com Metais de Transição,NbAsBr2O
Haletos com Metais de Transição,NbBr2
Haletos com Metais de Transição,NbBrCSe
Haletos com Metais de Transição,NbBrGeSe
Haletos com Metais de Transição,NbCl2
Haletos com Metais de Transição,NbFI
Haletos com Metais de Transição,NbISiTe
Haletos com Metais de Transição,NbNi2Br8
Haletos com Metais de Transição,NbNi2TaBrISTe
Haletos com Metais de Transição,NbNiF6
Haletos com Metais de Transição,NbNiSnCl3O4
Haletos com Metais de Transição,NbSnBr2Se2
Haletos com Metais de Transição,NbVCl6
Haletos com Metais de Transição,NbZnCl2
Haletos com Metais de Transição,NbZrCl2NO
Haletos com Metais de Transição,NbZrCl2S
Haletos com Metais de Transição,NbZrCl2S2
Haletos com Metais de Transição,NbZrClSe
Haletos com Metais de Transição,NbZrI2NO
Haletos com Metais de Transição,NbZrIOTe
Haletos com Metais de Transição,Ni2As4Cl4O6
Haletos com Metais de Transição,Ni2Br2O4Sb2
Haletos com Metais de Transição,Ni2Br2Se2
Haletos com Metais de Transição,Ni2C2Cl2
Haletos com Metais de Transição,Ni2Cl2O2
Haletos com Metais de Transição,Ni2Cl2S2
Haletos com Metais de Transição,Ni2Cl2S4
Haletos com Metais de Transição,Ni2Cl2Te4
Haletos com Metais de Transição,Ni2Cl4O6Sb4
Haletos com Metais de Transição,Ni2F2Se2
Haletos com Metais de Transição,Ni2F2Se4
Haletos com Metais de Transição,Ni2F2Te2
Haletos com Metais de Transição,Ni2F4
Haletos com Metais de Transição,Ni2I2
Haletos com Metais de Transição,Ni2I2O2
Haletos com Metais de Transição,Ni2I4S6Sb4
Haletos com Metais de Transição,Ni2I6
Haletos com Metais de Transição,Ni2Sr3Cl2O5
Haletos com Metais de Transição,Ni2Sr3I2O5
Haletos com Metais de Transição,Ni2Sr4Br2S6
Haletos com Metais de Transição,Ni2Sr4Cl2O6
Haletos com Metais de Transição,Ni2Sr4I2O6
Haletos com Metais de Transição,Ni2W2I2S8
Haletos com Metais de Transição,Ni3BrS2Se2
Haletos com Metais de Transição,Ni3ZrBr2Se6
Haletos com Metais de Transição,Ni4Br4S4
Haletos com Metais de Transição,Ni4ClIS2
Haletos com Metais de Transição,Ni5TlF2
Haletos com Metais de Transição,NiB4Br2H4N2
Haletos com Metais de Transição,NiB4C2Cl2F4
Haletos com Metais de Transição,NiB4F4I2N2
Haletos com Metais de Transição,NiBr2C4F4N2
Haletos com Metais de Transição,NiBr2O8
Haletos com Metais de Transição,NiBrF
Haletos com Metais de Transição,NiC12Cl2N2
Haletos com Metais de Transição,NiC2Cl2F4N4
Haletos com Metais de Transição,NiC2Cl2H4N6
Haletos com Metais de Transição,NiC6Cl2H4N2
Haletos com Metais de Transição,NiC6F2H4N2
Haletos com Metais de Transição,NiC6F6N2
Haletos com Metais de Transição,NiC6H4I2N2
Haletos com Metais de Transição,NiCl2H4N6
Haletos com Metais de Transição,NiF2S2
Haletos com Metais de Transição,NiI2
Haletos com Metais de Transição,NiISeTe
Haletos com Metais de Transição,NiPdClSe2Te
Haletos com Metais de Transição,NiPdF6
Haletos com Metais de Transição,NiPdI2
Haletos com Metais de Transição,NiPdScI4Se
Haletos com Metais de Transição,NiRuI2OS
Haletos com Metais de Transição,NiTa2CI2O
Haletos com Metais de Transição,NiTiI4S2
Haletos com Metais de Transição,NiZrCl6
Haletos com Metais de Transição,NiZrI6
Haletos com Metais de Transição,Os2Br2N2
Haletos com Metais de Transição,Os2Br2O2
Haletos com Metais de Transição,Os2Cl2
Haletos com Metais de Transição,Os2Cl2Se2
Haletos com Metais de Transição,Os2Cl2Te2
Haletos com Metais de Transição,Os2Cl4SSe
Haletos com Metais de Transição,Os2Cl6
Haletos com Metais de Transição,Os2F2
Haletos com Metais de Transição,Os2F2S2
Haletos com Metais de Transição,Os2F6
Haletos com Metais de Transição,Os2F8
Haletos com Metais de Transição,Os2I2O2
Haletos com Metais de Transição,Os2Rb2Br8C2O4
Haletos com Metais de Transição,Os2Rb2Cl10N2O2
Haletos com Metais de Transição,Os2Rb2F10N2O2
Haletos com Metais de Transição,Os2Rb2F10N2S2
Haletos com Metais de Transição,Os2Rb2I8N2O4
Haletos com Metais de Transição,OsGeI4S2
Haletos com Metais de Transição,OsWCl3I2Se
Haletos com Metais de Transição,Pd2Cl2
Haletos com Metais de Transição,Pd2Cl2N2
Haletos com Metais de Transição,Pd2Cl2S2
Haletos com Metais de Transição,Pd2Cl2S4
Haletos com Metais de Transição,Pd2Cl2Se4
Haletos com Metais de Transição,Pd2F2O4
Haletos com Metais de Transição,Pd2F2S4
Haletos com Metais de Transição,Pd2F6
Haletos com Metais de Transição,Pd2I4O12
Haletos com Metais de Transição,Pd2IS3
Haletos com Metais de Transição,Pd2PtBr4S4
Haletos com Metais de Transição,Pd3BrIO2S
Haletos com Metais de Transição,Pd5TlBr2
Haletos com Metais de Transição,Pd5TlI2
Haletos com Metais de Transição,PdB6Br2C2F4
Haletos com Metais de Transição,PdB6C2F4I2
Haletos com Metais de Transição,PdBr2C8F4
Haletos com Metais de Transição,PdBr2O8
Haletos com Metais de Transição,PdC6Cl2F4N2
Haletos com Metais de Transição,PdC8Cl2F4
Haletos com Metais de Transição,PdC8Cl2H4
Haletos com Metais de Transição,PdPt2BrClFO4
Haletos com Metais de Transição,PdPtBr2S
Haletos com Metais de Transição,PdPtTaZrBr4NS3
Haletos com Metais de Transição,PdRe3I4Se3Te
Haletos com Metais de Transição,PdSc2Br6
Haletos com Metais de Transição,PdTi3FO7
Haletos com Metais de Transição,PdTlI2
Haletos com Metais de Transição,PdZr2Br3ClS2Se2
Haletos com Metais de Transição,PdZrCl6
Haletos com Metais de Transição,PdZrF6
Haletos com Metais de Transição,Pt2Br2
Haletos com Metais de Transição,Pt2Br2O2
Haletos com Metais de Transição,Pt2Cl2O2
Haletos com Metais de Transição,Pt2I2Te2
Haletos com Metais de Transição,Pt2I4
Haletos com Metais de Transição,Pt2I4O12
Haletos com Metais de Transição,Pt2I6
Haletos com Metais de Transição,Pt4BrO2Se
Haletos com Metais de Transição,Pt4Cl2I2N3O
Haletos com Metais de Transição,Pt4I8
Haletos com Metais de Transição,Pt5TlCl2
Haletos com Metais de Transição,PtBr2GeO2
Haletos com Metais de Transição,PtF2
Haletos com Metais de Transição,PtSc3Br3IO4
Haletos com Metais de Transição,PtZrI2OS
Haletos com Metais de Transição,Rb2Ru2Br8C2O4
Haletos com Metais de Transição,Rb2Ru2C2Cl8O4
Haletos com Metais de Transição,Rb2Ru2C2I8O4
Haletos com Metais de Transição,Rb2Ru2Cl10N2S2
Haletos com Metais de Transição,Rb2Ru2F10N2O2
Haletos com Metais de Transição,Rb2Ru2I8N2O4
Haletos com Metais de Transição,Re2Br2
Haletos com Metais de Transição,Re6Cl2S8
Haletos com Metais de Transição,Re6F2Te8
Haletos com Metais de Transição,Re6I2Se8
Haletos com Metais de Transição,Re6I2Te8
Haletos com Metais de Transição,ReI2
Haletos com Metais de Transição,Rh2Br2N2
Haletos com Metais de Transição,Rh2Br4
Haletos com Metais de Transição,Rh2I2
Haletos com Metais de Transição,Rh2I2N2
Haletos com Metais de Transição,Rh2I2O2
Haletos com Metais de Transição,Rh2I2STe
Haletos com Metais de Transição,Rh2I2Te2
Haletos com Metais de Transição,RhRuI4S2
Haletos com Metais de Transição,Ru2Br2NO
Haletos com Metais de Transição,Ru2Br2SSe
Haletos com Metais de Transição,Ru2Br2Te2
Haletos com Metais de Transição,Ru2BrIO3
Haletos com Metais de Transição,Ru2Cl2O2
Haletos com Metais de Transição,Ru2Cl2S2
Haletos com Metais de Transição,Ru2F2
Haletos com Metais de Transição,Ru2F2O2
Haletos com Metais de Transição,Ru2F6
Haletos com Metais de Transição,Ru2F8
Haletos com Metais de Transição,Ru2I2
Haletos com Metais de Transição,Ru2I2S2
Haletos com Metais de Transição,Ru3Cl6S3
Haletos com Metais de Transição,RuBr2O
Haletos com Metais de Transição,RuBrClGeS2Te
Haletos com Metais de Transição,RuFS
Haletos com Metais de Transição,Sc2BI2
Haletos com Metais de Transição,Sc2CF2S2
Haletos com Metais de Transição,Sc2Cl2H2
Haletos com Metais de Transição,Sc2Cl2O2
Haletos com Metais de Transição,Sc2F2H2
Haletos com Metais de Transição,Sc2F2I2
Haletos com Metais de Transição,Sc2FI2O
Haletos com Metais de Transição,Sc2I2O2
Haletos com Metais de Transição,Sc2TlBr2O
Haletos com Metais de Transição,Sc3C2Cl2
Haletos com Metais de Transição,Sc3C2F2S2
Haletos com Metais de Transição,Sc3ClS2
Haletos com Metais de Transição,Sc4Br4O4
Haletos com Metais de Transição,Sc4Cl2N3
Haletos com Metais de Transição,Sc6ClN3O5
Haletos com Metais de Transição,ScSnBrSSe
Haletos com Metais de Transição,ScSnClISSe
Haletos com Metais de Transição,ScZnI2
Haletos com Metais de Transição,ScZnI4SeTe
Haletos com Metais de Transição,ScZr2BrS6
Haletos com Metais de Transição,ScZrI2O2
Haletos com Metais de Transição,Ta2Br2Se2
Haletos com Metais de Transição,Ta2Br4
Haletos com Metais de Transição,Ta2C2Cl2
Haletos com Metais de Transição,Ta2Cl4Te4
Haletos com Metais de Transição,Ta2Cl6
Haletos com Metais de Transição,Ta2F2N
Haletos com Metais de Transição,Ta2F2O2
Haletos com Metais de Transição,Ta2F4Se4
Haletos com Metais de Transição,Ta2I2O2
Haletos com Metais de Transição,Ta2I2O4
Haletos com Metais de Transição,Ta2I2S2
Haletos com Metais de Transição,Ta2I2Se2
Haletos com Metais de Transição,Ta2I2Te2
Haletos com Metais de Transição,Ta3B2F2
Haletos com Metais de Transição,Ta3C2F2S2
Haletos com Metais de Transição,Ta3Cl7Te
Haletos com Metais de Transição,Ta3Cl8
Haletos com Metais de Transição,Ta3F7Se
Haletos com Metais de Transição,Ta3I7Te
Haletos com Metais de Transição,Ta4C3F2
Haletos com Metais de Transição,Ta4Cl2S12
Haletos com Metais de Transição,Ta4F2N3
Haletos com Metais de Transição,Ta4I2S12
Haletos com Metais de Transição,TaBrS
Haletos com Metais de Transição,TaClS
Haletos com Metais de Transição,TaF2
Haletos com Metais de Transição,TaFI
Haletos com Metais de Transição,TaTiCCl2
Haletos com Metais de Transição,TaVZrBr4S3
Haletos com Metais de Transição,Ti2BF2
Haletos com Metais de Transição,Ti2BF2S2
Haletos com Metais de Transição,Ti2Br2N2
Haletos com Metais de Transição,Ti2Br2O2
Haletos com Metais de Transição,Ti2Br2Se2
Haletos com Metais de Transição,Ti2BrINS
Haletos com Metais de Transição,Ti2Cl2
Haletos com Metais de Transição,Ti2Cl2O
Haletos com Metais de Transição,Ti2Cl2S2
Haletos com Metais de Transição,Ti2F2N
Haletos com Metais de Transição,Ti2F2S2
Haletos com Metais de Transição,Ti2F4
Haletos com Metais de Transição,Ti2I2
Haletos com Metais de Transição,Ti2I2O
Haletos com Metais de Transição,Ti2I4
Haletos com Metais de Transição,Ti3B2F2O2
Haletos com Metais de Transição,Ti3BrIN2
Haletos com Metais de Transição,Ti3C2Cl2
Haletos com Metais de Transição,Ti3C2F2
Haletos com Metais de Transição,Ti3C2F2Se2
Haletos com Metais de Transição,Ti3CI2OS2
Haletos com Metais de Transição,Ti3ClINO2
Haletos com Metais de Transição,Ti4B3Cl2
Haletos com Metais de Transição,Ti4C3F2S2
Haletos com Metais de Transição,Ti4Cl2N3
Haletos com Metais de Transição,Ti4F4S4
Haletos com Metais de Transição,Ti4F4Se4
Haletos com Metais de Transição,Ti5Cl2IN3O
Haletos com Metais de Transição,Ti8Cl6N4SSe
Haletos com Metais de Transição,TiBrI
Haletos com Metais de Transição,TiGeI2S2
Haletos com Metais de Transição,TiGeI2Se2
Haletos com Metais de Transição,TiI2S2
Haletos com Metais de Transição,TiZr3BrCl3N3O
Haletos com Metais de Transição,TiZrF3I
Haletos com Metais de Transição,V2Br2Se2
Haletos com Metais de Transição,V2Br2Te2
Haletos com Metais de Transição,V2Br4
Haletos com Metais de Transição,V2Br6
Haletos com Metais de Transição,V2Cl2N
Haletos com Metais de Transição,V2Cl2N2
Haletos com Metais de Transição,V2Cl2O3
Haletos com Metais de Transição,V2Cl2O7Te2
Haletos com Metais de Transição,V2Cl6
Haletos com Metais de Transição,V2F2O2
Haletos com Metais de Transição,V2F2Te2
Haletos com Metais de Transição,V2I4
Haletos com Metais de Transição,V3B2F2Se2
Haletos com Metais de Transição,V3BrCl2Ge2S6
Haletos com Metais de Transição,V3C2F2
Haletos com Metais de Transição,V3C2F2S2
Haletos com Metais de Transição,V3F2N2S2
Haletos com Metais de Transição,V4C3Cl2
Haletos com Metais de Transição,V4C3F2S2
Haletos com Metais de Transição,VB4FH4O6
Haletos com Metais de Transição,VBrClGeN
Haletos com Metais de Transição,VBrGeTe
Haletos com Metais de Transição,VBrIN
Haletos com Metais de Transição,VC4FH4O6
Haletos com Metais de Transição,VCl2O
Haletos com Metais de Transição,VClF
Haletos com Metais de Transição,VF2S2
Haletos com Metais de Transição,VFH4N4O6
Haletos com Metais de Transição,VFO
Haletos com Metais de Transição,VI2S
Haletos com Metais de Transição,VWBr2NO
Haletos com Metais de Transição,VWBr5I
Haletos com Metais de Transição,VYClSe
Haletos com Metais de Transição,VZnCl3O
Haletos com Metais de Transição,VZr2I2N2
Haletos com Metais de Transição,W2Br6
Haletos com Metais de Transição,W2CCl2
Haletos com Metais de Transição,W2F2N
Haletos com Metais de Transição,W2I2S2
Haletos com Metais de Transição,W3B2Cl2
Haletos com Metais de Transição,W3Br3ClTe
Haletos com Metais de Transição,W4C3F2
Haletos com Metais de Transição,W4F2N3
Haletos com Metais de Transição,WBr2
Haletos com Metais de Transição,WBr2S
Haletos com Metais de Transição,WBr6Sb
Haletos com Metais de Transição,Y2BCl2
Haletos com Metais de Transição,Y2BF2
Haletos com Metais de Transição,Y2Br2
Haletos com Metais de Transição,Y2Br4
Haletos com Metais de Transição,Y2Br6
Haletos com Metais de Transição,Y2Cl2O2
Haletos com Metais de Transição,Y2Cl2O4
Haletos com Metais de Transição,Y2F2
Haletos com Metais de Transição,Y2I2OS
Haletos com Metais de Transição,Y3B2Cl2
Haletos com Metais de Transição,Y3C2Cl2
Haletos com Metais de Transição,Y3C2F2
Haletos com Metais de Transição,Y3Cl2N2
Haletos com Metais de Transição,Y4C3Cl2
Haletos com Metais de Transição,Y4C3F2
Haletos com Metais de Transição,Y4C3F2S2
Haletos com Metais de Transição,YBr
Haletos com Metais de Transição,YBrSe
Haletos com Metais de Transição,Zn2As4Cl4S6
Haletos com Metais de Transição,Zn2As4F4O6
Haletos com Metais de Transição,Zn2BrClS2
Haletos com Metais de Transição,Zn2F2
Haletos com Metais de Transição,Zn2F4O6Sb4
Haletos com Metais de Transição,Zn2F4P4S6
Haletos com Metais de Transição,Zn2I4S6Sb4
Haletos com Metais de Transição,Zn2ISTe
Haletos com Metais de Transição,ZnBr2
Haletos com Metais de Transição,ZnBr2GeS
Haletos com Metais de Transição,ZnBr2GeSe2
Haletos com Metais de Transição,ZnIS
Haletos com Metais de Transição,ZnZrBrIO
Haletos com Metais de Transição,Zr2Br2C2
Haletos com Metais de Transição,Zr2Br2Cl4
Haletos com Metais de Transição,Zr2Br6
Haletos com Metais de Transição,Zr2BrIN
Haletos com Metais de Transição,Zr2Cl2
Haletos com Metais de Transição,Zr2Cl2I2
Haletos com Metais de Transição,Zr2Cl2N
Haletos com Metais de Transição,Zr2F2S2
Haletos com Metais de Transição,Zr2F2Te2
Haletos com Metais de Transição,Zr2I2O2
Haletos com Metais de Transição,Zr2I2S
Haletos com Metais de Transição,Zr2I2S2
Haletos com Metais de Transição,Zr2I2Se2
Haletos com Metais de Transição,Zr2IS3
Haletos com Metais de Transição,Zr3B2F2Se2
Haletos com Metais de Transição,Zr3Br2N
Haletos com Metais de Transição,Zr3BrClO3
Haletos com Metais de Transição,Zr3F2N2Te2
Haletos com Metais de Transição,Zr4B3Cl2
Haletos com Metais de Transição,Zr4B3F2
Haletos com Metais de Transição,Zr4Cl4Se4
Haletos com Metais de Transição,Zr4Cl4Te4
Haletos com Metais de Transição,Zr4F2N3
Haletos com Metais de Transição,Zr4F2N3S2
Haletos com Metais de Transição,Zr4F4O4
Haletos com Metais de Transição,Zr4I4S4
Haletos com Metais de Transição,ZrAs2F2O6
Haletos com Metais de Transição,ZrBr2
Haletos com Metais de Transição,ZrBr2GeN2
Haletos com Metais de Transição,ZrBr5GeS
Haletos com Metais de Transição,ZrBrCl
Haletos com Metais de Transição,ZrBrClN
Haletos com Metais de Transição,ZrBrF
Haletos com Metais de Transição,ZrCl2
Haletos com Metais de Transição,ZrCl3Ge3Se4Te
Haletos com Metais de Transição,ZrF2P2S6
Haletos com Metais de Transição,ZrI2Se
Monoelementares,Ag2
Monoelementares,As4
Monoelementares,Ge2
Monoelementares,K
Monoelementares,P4
Monoelementares,Sb2
Monoelementares,Si2
Monoelementares,Sn2
Outros Binários,Ag2Ba2
Outros Binários,Ag2Se4
Outros Binários,Ag2Te2
Outros Binários,Ag2Te4
Outros Binários,AgH2
Outros Binários,Al2Bi2
Outros Binários,Al2S5
Outros Binários,Al2Te3
Outros Binários,Al2Te5
Outros Binários,Al3S4
Outros Binários,Al8Se12
Outros Binários,AlC
Outros Binários,AlN
Outros Binários,AlS2
Outros Binários,As2Se2
Outros Binários,As4S6
Outros Binários,AsSe2
Outros Binários,Au2Te4
Outros Binários,AuH2
Outros Binários,AuLi2
Outros Binários,B6N2
Outros Binários,BC
Outros Binários,BN
Outros Binários,Bi2S4
Outros Binários,Bi2Sn6
Outros Binários,Bi2Te4
Outros Binários,Bi2W
Outros Binários,Bi4Cu4
Outros Binários,BiNi
Outros Binários,BiS2
Outros Binários,BiTl
Outros Binários,Ca4As4
Outros Binários,CaSe2
Outros Binários,Cd2S4
Outros Binários,CdH2
Outros Binários,Co2S2
Outros Binários,Co2Se6
Outros Binários,Co3S4
Outros Binários,Co3Te4
Outros Binários,CoH2
Outros Binários,CoLi2
Outros Binários,Cr2S5
Outros Binários,Cr4C3
Outros Binários,Cu2H4
Outros Binários,Cu2S2
Outros Binários,Cu2Se2
Outros Binários,Cu2Se4
Outros Binários,Fe2S2
Outros Binários,Fe2S4
Outros Binários,Fe2Te2
Outros Binários,Fe3Te4
Outros Binários,Fe4N3
Outros Binários,Ga2S5
Outros Binários,Ga2Se2
Outros Binários,Ga2Se3
Outros Binários,Ga4Te6
Outros Binários,Ga8S12
Outros Binários,Ga8Se12
Outros Binários,GaC
Outros Binários,GaS2
Outros Binários,Ge2S4
Outros Binários,Ge2Te2
Outros Binários,Ge6N2
Outros Binários,GeSe2
Outros Binários,Hf2Te2
Outros Binários,Hf3N2
Outros Binários,Hf3Te2
Outros Binários,HfPd2
Outros Binários,HgH2
Outros Binários,In2Se4
Outros Binários,In3S4
Outros Binários,In3Se4
Outros Binários,In4Te4
Outros Binários,In8S12
Outros Binários,In8Te12
Outros Binários,InAs
Outros Binários,InH2
Outros Binários,Ir2Te4
Outros Binários,Li2B2
Outros Binários,Li2Mn
Outros Binários,Li2Os
Outros Binários,Li2Pb
Outros Binários,Li2Ta
Outros Binários,Li4S12
Outros Binários,Mn2S4
Outros Binários,Mn2Te4
Outros Binários,Mn3C12
Outros Binários,Mn3N2
Outros Binários,Mo2Se2
Outros Binários,Mo3C2
Outros Binários,Mo4N3
Outros Binários,MoAs2
Outros Binários,MoP2
Outros Binários,N2Si6
Outros Binários,Na2Ni
Outros Binários,NaC12
Outros Binários,Nb2S2
Outros Binários,Nb4S12
Outros Binários,Nb4S2
Outros Binários,Nb4Se2
Outros Binários,Nb4Te6
Outros Binários,NbP2
Outros Binários,Ni2Se2
Outros Binários,Ni2Te4
Outros Binários,Ni3Te4
Outros Binários,NiH2
Outros Binários,Os2Se6
Outros Binários,P4S8
Outros Binários,P4Te6
Outros Binários,P8Si4
Outros Binários,Pb2Se4
Outros Binários,Pb2Te2
Outros Binários,PbS
Outros Binários,PbSe
Outros Binários,Pd2S2
Outros Binários,Pd2S4
Outros Binários,Pd2Se4
Outros Binários,PdH2
Outros Binários,Pt2S8
Outros Binários,Pt2Se2
Outros Binários,Pt2Te2
Outros Binários,Pt2Te6
Outros Binários,PtH2
Outros Binários,RbSe2
Outros Binários,Re2Se2
Outros Binários,ReH2
Outros Binários,Rh2S2
Outros Binários,Rh2S4
Outros Binários,Rh2S6
Outros Binários,Rh2Se2
Outros Binários,Rh2Se4
Outros Binários,Rh2Te6
Outros Binários,Ru2Se4
Outros Binários,Ru2Se6
Outros Binários,S14Sb4
Outros Binários,S2Sb
Outros Binários,Sb2Se2
Outros Binários,SbTe2
Outros Binários,Sc2Se2
Outros Binários,Sc2Te6
Outros Binários,SiTe2
Outros Binários,Sn4S4
Outros Binários,SnSe
Outros Binários,SnTe2
Outros Binários,Sr2Se2
Outros Binários,Sr4S16
Outros Binários,Ta2C
Outros Binários,Ta2S6
Outros Binários,Ta4S6
Outros Binários,TaH2
Outros Binários,Ti2S2
Outros Binários,Ti2Te6
Outros Binários,TiAs2
Outros Binários,TiP2
Outros Binários,Tl2S2
Outros Binários,Tl2S4
Outros Binários,Tl2S5
Outros Binários,Tl2Se4
Outros Binários,Tl3S4
Outros Binários,Tl3Te4
Outros Binários,V2Te4
Outros Binários,V3C2
Outros Binários,V3N2
Outros Binários,VP2
Outros Binários,W2C
Outros Binários,W2S5
Outros Binários,W3N2
Outros Binários,WAs2
Outros Binários,WP2
Outros Binários,Y2C
Outros Binários,Y2N
Outros Binários,Y2Se6
Outros Binários,YSe
Outros Binários,Zn2Se4
Outros Binários,ZnN10
Outros Binários,Zr2S2
Outros Binários,Zr2Te2
Outros Binários,Zr3B2
Outros Binários,Zr3Se2
Outros Binários,Zr4N3
Outros Haletos,Al2Br2N2
Outros Haletos,Al2Br4
Outros Haletos,Al2C4F4H10
Outros Haletos,Al2Cl2N2
Outros Haletos,Al2Cl2O2
Outros Haletos,Al2F4H10N4
Outros Haletos,Al2F6
Outros Haletos,Al2I2
Outros Haletos,Al2I2O2
Outros Haletos,AlCl2
Outros Haletos,AlLiBr4O12
Outros Haletos,AlLiI4O12
Outros Haletos,As2F2Ge2O6
Outros Haletos,As2F2O12P4
Outros Haletos,As2I6
Outros Haletos,BF2Si
Outros Haletos,Ba2Br4O8
Outros Haletos,Ba2F2I2
Outros Haletos,BaBi2F12
Outros Haletos,BaBrI
Outros Haletos,BaI2
Outros Haletos,Bi2Br2N2
Outros Haletos,Bi2Br6
Outros Haletos,Bi2I2N2
Outros Haletos,BiBr3Ge3O5
Outros Haletos,BiBrO
Outros Haletos,BiCl2
Outros Haletos,Br2Ge
Outros Haletos,Br2OSb
Outros Haletos,Br2Sb2
Outros Haletos,C2F2Ge2
Outros Haletos,Ca2Cl2
Outros Haletos,Ca2Cl2O
Outros Haletos,Ca2Cl4
Outros Haletos,Ca2F4H8O4
Outros Haletos,Ca2F4O8
Outros Haletos,Ca2Pb4F12
Outros Haletos,CaHIO
Outros Haletos,CaI2
Outros Haletos,Cl2Ge2N2
Outros Haletos,Cl2Si
Outros Haletos,Cl2Si2
Outros Haletos,Cl6Sb2
Outros Haletos,Cs2Cl2
Outros Haletos,Cs2Cl2F8
Outros Haletos,Cs2Cl2O6
Outros Haletos,Cs2F2
Outros Haletos,Cs2H8I2
Outros Haletos,CsI2
Outros Haletos,F2Ge2
Outros Haletos,F2O12P6
Outros Haletos,F2Si
Outros Haletos,F4Ge
Outros Haletos,F4O10Si4
Outros Haletos,Ga2C4Cl4F10
Outros Haletos,Ga2C4F14
Outros Haletos,Ga2Cl4H10N4
Outros Haletos,Ga2F6
Outros Haletos,Ga2GeI2
Outros Haletos,Ga2I2N2
Outros Haletos,Ga2I6
Outros Haletos,GaCl2N
Outros Haletos,GeI2
Outros Haletos,IOP
Outros Haletos,In2Br3Cl
Outros Haletos,In2BrIO
Outros Haletos,In2C4F10H4
Outros Haletos,In2Cl6
Outros Haletos,In2F2O2
Outros Haletos,In2Tl2Cl8
Outros Haletos,In3BrIO3
Outros Haletos,In4Br8
Outros Haletos,In4F8
Outros Haletos,InI2
Outros Haletos,InNaI4O12
Outros Haletos,K2Br2
Outros Haletos,K2Br2Cl8
Outros Haletos,K2Br2O6
Outros Haletos,K2F8I2
Outros Haletos,K2I2O6
Outros Haletos,KI2
Outros Haletos,Li2Br2F8O4
Outros Haletos,Li2Br2O4
Outros Haletos,Li2F4N2
Outros Haletos,Na2B2F8O8
Outros Haletos,Na2C4F6O6
Outros Haletos,Na2I2
Outros Haletos,NaCl2
Outros Haletos,Pb2As2C2F6O6
Outros Haletos,Pb2Br2N2
Outros Haletos,Pb2Br2O2
Outros Haletos,Pb2Cl2N2
Outros Haletos,Pb2F2O6P2
Outros Haletos,Pb2F2O6Sb2
Outros Haletos,PbF2
Outros Haletos,RbF
Outros Haletos,Sn2Cl2O6P2
Outros Haletos,Sn2F2O6P2
Outros Haletos,Sn4Sr2Cl12
Outros Haletos,SnBr2
Outros Haletos,SnF2O2
Outros Haletos,SnF4
Outros Haletos,SnFO
Outros Haletos,SnI2
Outros Haletos,Sr2Br2Cl2
Outros Haletos,Sr2Cl12Ge4
Outros Haletos,Sr2Cl2H2
Outros Haletos,Sr2Cl2N2O6
Outros Haletos,Sr2Cl4H8O4
Outros Haletos,Sr2F12Ge4
Outros Haletos,Sr2F2
Outros Haletos,Sr2F4O8
Outros Haletos,Sr2I2
Outros Haletos,SrBr2
Outros Haletos,SrCl2
Outros Haletos,SrHIO
Outros Haletos,Tl2Br4
Outros Haletos,Tl2Cl4
Outros Haletos,Tl2F2
Outros Haletos,Tl2F6
TMDs (Dicalcogenetos),Ag2S
TMDs (Dicalcogenetos),AgTe2
TMDs (Dicalcogenetos),Au2Te
TMDs (Dicalcogenetos),AuS2
TMDs (Dicalcogenetos),CdSe2
TMDs (Dicalcogenetos),CrSe2
TMDs (Dicalcogenetos),Cu2Se
TMDs (Dicalcogenetos),HgSe2
TMDs (Dicalcogenetos),HgTe2
TMDs (Dicalcogenetos),MnS2
TMDs (Dicalcogenetos),MnSe2
TMDs (Dicalcogenetos),PdSe2
TMDs (Dicalcogenetos),PdTe2
TMDs (Dicalcogenetos),PtS2
TMDs (Dicalcogenetos),ReSe2
TMDs (Dicalcogenetos),TaS2
TMDs (Dicalcogenetos),TaSe2
TMDs (Dicalcogenetos),TaTe2
TMDs (Dicalcogenetos),VS2
TMDs (Dicalcogenetos),YS2
TMDs (Dicalcogenetos),ZnTe2
Ternários / Multicomponentes,Ag2As2Te6
Ternários / Multicomponentes,Ag2BaS8
Ternários / Multicomponentes,Ag2Bi2Te4
Ternários / Multicomponentes,Ag2C4H4S8
Ternários / Multicomponentes,Ag2MoSe4
Ternários / Multicomponentes,Ag2P2S4
Ternários / Multicomponentes,Ag2P2S6
Ternários / Multicomponentes,Ag2P2Te4
Ternários / Multicomponentes,Ag2S4Sb2
Ternários / Multicomponentes,Ag3AsS4
Ternários / Multicomponentes,Ag4Li2V2S12
Ternários / Multicomponentes,Ag4S12Te2
Ternários / Multicomponentes,Ag8C4N8
Ternários / Multicomponentes,AgAlAs2Se6
Ternários / Multicomponentes,AgAlS6Sb2
Ternários / Multicomponentes,AgBiAs2Se6
Ternários / Multicomponentes,AgBiP2Te6
Ternários / Multicomponentes,AgBiSb2Te6
Ternários / Multicomponentes,AgCdSr2TlS5
Ternários / Multicomponentes,AgCo2S4
Ternários / Multicomponentes,AgCrAs2Se6
Ternários / Multicomponentes,AgCrSb2Te6
Ternários / Multicomponentes,AgCuSe2
Ternários / Multicomponentes,AgGaAs2S6
Ternários / Multicomponentes,AgGaAs2Te6
Ternários / Multicomponentes,AgGaSb2Te6
Ternários / Multicomponentes,AgHfV2S8
Ternários / Multicomponentes,AgInAs2Se6
Ternários / Multicomponentes,AgInP2Se6
Ternários / Multicomponentes,AgInP2Te6
Ternários / Multicomponentes,AgInSb2Se6
Ternários / Multicomponentes,AgSTe
Ternários / Multicomponentes,AgSb3Te6
Ternários / Multicomponentes,AgScAs2Te6
Ternários / Multicomponentes,AgSnH6
Ternários / Multicomponentes,AgTlAs2Te6
Ternários / Multicomponentes,AgTlS6Sb2
Ternários / Multicomponentes,AgVAs2Te6
Ternários / Multicomponentes,Al2As2S6
Ternários / Multicomponentes,Al2As2Te6
Ternários / Multicomponentes,Al2CdTe4
Ternários / Multicomponentes,Al2Co2S5
Ternários / Multicomponentes,Al2Fe2Se5
Ternários / Multicomponentes,Al2Ge2S2
Ternários / Multicomponentes,Al2Ge2S6
Ternários / Multicomponentes,Al2In2S6
Ternários / Multicomponentes,Al2MnSe4
Ternários / Multicomponentes,Al2P2S6
Ternários / Multicomponentes,Al2S6Si2
Ternários / Multicomponentes,Al2Si2Te6
Ternários / Multicomponentes,Al2Sn2Te2
Ternários / Multicomponentes,Al2Tl2Se6
Ternários / Multicomponentes,Al2Zn3S6
Ternários / Multicomponentes,Al2ZnSe4
Ternários / Multicomponentes,AlAuAs2Se6
Ternários / Multicomponentes,AlAuS6Sb2
Ternários / Multicomponentes,AlAuSb2Te6
Ternários / Multicomponentes,AlCdGaTe4
Ternários / Multicomponentes,AlCdTlSe4
Ternários / Multicomponentes,AlCdTlTe4
Ternários / Multicomponentes,AlCuP2S6
Ternários / Multicomponentes,AlGaSe2
Ternários / Multicomponentes,AlHgInS4
Ternários / Multicomponentes,AlHgTlS4
Ternários / Multicomponentes,AlLiS6Sb2
Ternários / Multicomponentes,AlNaAs2Te6
Ternários / Multicomponentes,AlNaSb2Te6
Ternários / Multicomponentes,AlNiSe2
Ternários / Multicomponentes,As2C2Ge2H6S6
Ternários / Multicomponentes,As2Ge2H2S6
Ternários / Multicomponentes,As2P2Te6
Ternários / Multicomponentes,As2S6Sb2
Ternários / Multicomponentes,As2S9Si3
Ternários / Multicomponentes,As4Ge4S4
Ternários / Multicomponentes,As4Si4Te4
Ternários / Multicomponentes,As8S4Te8
Ternários / Multicomponentes,AsGe2Te6
Ternários / Multicomponentes,Au2As2S6
Ternários / Multicomponentes,Au2Bi2Te4
Ternários / Multicomponentes,Au2CaS8
Ternários / Multicomponentes,Au2Cr2S8
Ternários / Multicomponentes,Au2Cr2Sb4Te12
Ternários / Multicomponentes,Au2Ge2S6
Ternários / Multicomponentes,Au2Mn2SSe3
Ternários / Multicomponentes,Au2MoS4
Ternários / Multicomponentes,Au2MoTe4
Ternários / Multicomponentes,Au2P2Te4
Ternários / Multicomponentes,Au2S6Si2
Ternários / Multicomponentes,Au2SnS4
Ternários / Multicomponentes,Au2SrH12
Ternários / Multicomponentes,Au3AsS4
Ternários / Multicomponentes,Au4S5Se3
Ternários / Multicomponentes,AuB6H4N6S2
Ternários / Multicomponentes,AuBa2CdInS5
Ternários / Multicomponentes,AuBiAs2S6
Ternários / Multicomponentes,AuBiP2Se6
Ternários / Multicomponentes,AuBiS6Sb2
Ternários / Multicomponentes,AuCdInSr2S5
Ternários / Multicomponentes,AuCrAs2Se6
Ternários / Multicomponentes,AuCrP2Te6
Ternários / Multicomponentes,AuCrSb2Te6
Ternários / Multicomponentes,AuGaP2Se6
Ternários / Multicomponentes,AuGaSb2Te6
Ternários / Multicomponentes,AuInP2S6
Ternários / Multicomponentes,AuInP2Te6
Ternários / Multicomponentes,AuNiSe4
Ternários / Multicomponentes,AuP2S6Sb
Ternários / Multicomponentes,AuScAs2S6
Ternários / Multicomponentes,AuScAs2Te6
Ternários / Multicomponentes,AuScP2Te6
Ternários / Multicomponentes,AuScSb2Se6
Ternários / Multicomponentes,AuTl2Se4
Ternários / Multicomponentes,AuTlP2Se6
Ternários / Multicomponentes,Ba2Mn2Sn2
Ternários / Multicomponentes,Ba2Ni2Si2
Ternários / Multicomponentes,Ba2Ni2Sn2
Ternários / Multicomponentes,Ba4H4P4S8
Ternários / Multicomponentes,Ba4H4P4Se8
Ternários / Multicomponentes,Ba4H4P4Te8
Ternários / Multicomponentes,Ba4H4S8Sb4
Ternários / Multicomponentes,BaNb2S7
Ternários / Multicomponentes,BaSnTe2
Ternários / Multicomponentes,Bi2Cu2S4
Ternários / Multicomponentes,Bi2Cu2Te4
Ternários / Multicomponentes,Bi2K2Ni2
Ternários / Multicomponentes,Bi2MnSe4
Ternários / Multicomponentes,Bi2P2S6
Ternários / Multicomponentes,Bi2PbSe4
Ternários / Multicomponentes,Bi2S2Te
Ternários / Multicomponentes,Bi4Li4S8
Ternários / Multicomponentes,Bi4Sr2S8
Ternários / Multicomponentes,Bi6Ir2S4
Ternários / Multicomponentes,Bi6S7Se2
Ternários / Multicomponentes,Bi8S4Te8
Ternários / Multicomponentes,BiCo2S2
Ternários / Multicomponentes,BiCuP2Se6
Ternários / Multicomponentes,BiGaPt2S2Se4
Ternários / Multicomponentes,BiGeSSe
Ternários / Multicomponentes,BiHS6Te2
Ternários / Multicomponentes,BiHfSb
Ternários / Multicomponentes,BiLiMnSb
Ternários / Multicomponentes,BiNi2Te2
Ternários / Multicomponentes,BiPd2Te2
Ternários / Multicomponentes,BiSbTe2
Ternários / Multicomponentes,BiTiP
Ternários / Multicomponentes,BiTiSb
Ternários / Multicomponentes,BiWP
Ternários / Multicomponentes,BiWSb
Ternários / Multicomponentes,BiZrAs
Ternários / Multicomponentes,C2Ge2H6P2S6
Ternários / Multicomponentes,Ca2Ni2Si2
Ternários / Multicomponentes,Ca2Ni2Sn2
Ternários / Multicomponentes,Ca2P4S12
Ternários / Multicomponentes,CaH2Te2
Ternários / Multicomponentes,Cd2Pd4Se6
Ternários / Multicomponentes,Cd2Pd4Te6
Ternários / Multicomponentes,Cd2S6Sb2
Ternários / Multicomponentes,CdGa2Se4
Ternários / Multicomponentes,CdGaTlSe4
Ternários / Multicomponentes,CdGeS2
Ternários / Multicomponentes,CdH2Se2
Ternários / Multicomponentes,CdInTlSe4
Ternários / Multicomponentes,CdInTlTe4
Ternários / Multicomponentes,Co2Ga2S5
Ternários / Multicomponentes,Co2Ga2Se5
Ternários / Multicomponentes,Co2Ga2Te5
Ternários / Multicomponentes,Co2H2Se4
Ternários / Multicomponentes,Co2Li2As2
Ternários / Multicomponentes,Co2Li2Sb2
Ternários / Multicomponentes,Co2Mg2Sn2
Ternários / Multicomponentes,Co2Pd2As2
Ternários / Multicomponentes,Co2Pt2As2
Ternários / Multicomponentes,Co2S6Sb2
Ternários / Multicomponentes,Co2Sn2Sr2
Ternários / Multicomponentes,Co2Ta4Se10
Ternários / Multicomponentes,Co3Se2Si
Ternários / Multicomponentes,Co4Nb2S6
Ternários / Multicomponentes,Co4Nb2Te6
Ternários / Multicomponentes,Co4Ta2S2Te2
Ternários / Multicomponentes,Co4Ta2S4
Ternários / Multicomponentes,Co4Ta2S6
Ternários / Multicomponentes,Co4Ta4Se8
Ternários / Multicomponentes,Co5PdS12
Ternários / Multicomponentes,CoC6H8S4
Ternários / Multicomponentes,CoCr2Se4
Ternários / Multicomponentes,CoIn2Te4
Ternários / Multicomponentes,CoMn2B6C6
Ternários / Multicomponentes,CoNiTe2
Ternários / Multicomponentes,CoPb2B6C6
Ternários / Multicomponentes,CoPdTiSe4
Ternários / Multicomponentes,CoRe2RhS8
Ternários / Multicomponentes,CoSn2C6N6
Ternários / Multicomponentes,Cr2BH2S2
Ternários / Multicomponentes,Cr2CSe2
Ternários / Multicomponentes,Cr2CTe2
Ternários / Multicomponentes,Cr2Cu2As4S12
Ternários / Multicomponentes,Cr2Cu2As4Se12
Ternários / Multicomponentes,Cr2Cu2P4S12
Ternários / Multicomponentes,Cr2Cu2Sb4Se12
Ternários / Multicomponentes,Cr2Cu2Sb4Te12
Ternários / Multicomponentes,Cr2CuS6
Ternários / Multicomponentes,Cr2FeTe4
Ternários / Multicomponentes,Cr2H2NS2
Ternários / Multicomponentes,Cr2Nb2Se10
Ternários / Multicomponentes,Cr2P2Te6
Ternários / Multicomponentes,Cr2PdTe4
Ternários / Multicomponentes,Cr2Sb2Se6
Ternários / Multicomponentes,Cr2Sn2Te6
Ternários / Multicomponentes,Cr2Ta4S12
Ternários / Multicomponentes,Cr3B2S2
Ternários / Multicomponentes,Cr3MoSe8
Ternários / Multicomponentes,Cr3MoTe8
Ternários / Multicomponentes,Cr3N2S2
Ternários / Multicomponentes,Cr3TaSe4
Ternários / Multicomponentes,Cr3WSe8
Ternários / Multicomponentes,Cr4B3H2S2
Ternários / Multicomponentes,Cr4C3H2S2
Ternários / Multicomponentes,Cr4C3S2
Ternários / Multicomponentes,CrAsSb
Ternários / Multicomponentes,CrGa2Se4
Ternários / Multicomponentes,CrHfMoVS2Se6
Ternários / Multicomponentes,CrMo3Se8
Ternários / Multicomponentes,CrNiS4
Ternários / Multicomponentes,CrSSe
Ternários / Multicomponentes,CrTaTe2
Ternários / Multicomponentes,CrW3S8
Ternários / Multicomponentes,CrW3Se8
Ternários / Multicomponentes,CrW3Te8
Ternários / Multicomponentes,Cs2N2S6
Ternários / Multicomponentes,CsGeTe2
Ternários / Multicomponentes,CsSnS2
Ternários / Multicomponentes,Cu2As2S4
Ternários / Multicomponentes,Cu2As2Se6
Ternários / Multicomponentes,Cu2As2Te6
Ternários / Multicomponentes,Cu2MoSe4
Ternários / Multicomponentes,Cu2P2Te4
Ternários / Multicomponentes,Cu2RhSe3Te
Ternários / Multicomponentes,Cu2S4Se
Ternários / Multicomponentes,Cu2S6Sb2
Ternários / Multicomponentes,Cu2Sb2Se6
Ternários / Multicomponentes,Cu2Sn2S6
Ternários / Multicomponentes,Cu2VS5
Ternários / Multicomponentes,Cu2WTe4
Ternários / Multicomponentes,Cu3PS4
Ternários / Multicomponentes,Cu3S4Sb
Ternários / Multicomponentes,Cu4S12Se2
Ternários / Multicomponentes,Cu4S12Te4
Ternários / Multicomponentes,CuB6H4N6S2
Ternários / Multicomponentes,CuH2S2
Ternários / Multicomponentes,CuInS6Sb2
Ternários / Multicomponentes,CuNiSeSi2Te5
Ternários / Multicomponentes,CuP2SbSe6
Ternários / Multicomponentes,CuScAs2S6
Ternários / Multicomponentes,CuScP2Se6
Ternários / Multicomponentes,CuScS6Sb2
Ternários / Multicomponentes,CuVAs2Te6
Ternários / Multicomponentes,CuVP2Se6
Ternários / Multicomponentes,CuVP2Te6
Ternários / Multicomponentes,CuVSe2
Ternários / Multicomponentes,Fe2As2Se6
Ternários / Multicomponentes,Fe2BH2
Ternários / Multicomponentes,Fe2H2S2
Ternários / Multicomponentes,Fe2H2S4
Ternários / Multicomponentes,Fe2K2As2
Ternários / Multicomponentes,Fe2K2Sb2
Ternários / Multicomponentes,Fe2MnN12
Ternários / Multicomponentes,Fe2Ni2P2
Ternários / Multicomponentes,Fe2P2S5
Ternários / Multicomponentes,Fe2P2Te6
Ternários / Multicomponentes,Fe2S8Te2
Ternários / Multicomponentes,Fe2Sr2Ge2
Ternários / Multicomponentes,Fe2Sr2Si2
Ternários / Multicomponentes,Fe2Ta2Te6
Ternários / Multicomponentes,Fe3B2H2S2
Ternários / Multicomponentes,Fe4Nb2S6
Ternários / Multicomponentes,Fe4Nb2Te6
Ternários / Multicomponentes,Fe4Nb4Se8
Ternários / Multicomponentes,FeC4H8N2S4
Ternários / Multicomponentes,FeGa2S4
Ternários / Multicomponentes,FeGa2Te4
Ternários / Multicomponentes,FeIn2Se4
Ternários / Multicomponentes,FeNaAs2Te6
Ternários / Multicomponentes,Ga2As2Te6
Ternários / Multicomponentes,Ga2C4H14
Ternários / Multicomponentes,Ga2Ge2Se2
Ternários / Multicomponentes,Ga2Ge2Se6
Ternários / Multicomponentes,Ga2HgS4
Ternários / Multicomponentes,Ga2HgSe4
Ternários / Multicomponentes,Ga2Mg2Se5
Ternários / Multicomponentes,Ga2Mn2S5
Ternários / Multicomponentes,Ga2MnTe4
Ternários / Multicomponentes,Ga2Ni2S5
Ternários / Multicomponentes,Ga2Ni2Se5
Ternários / Multicomponentes,Ga2Ni2Te5
Ternários / Multicomponentes,Ga2P2S6
Ternários / Multicomponentes,Ga2PdTe4
Ternários / Multicomponentes,Ga2S6Sb2
Ternários / Multicomponentes,Ga2Sn2S2
Ternários / Multicomponentes,GaH2S2
Ternários / Multicomponentes,GaHfSe2
Ternários / Multicomponentes,GaLiAs2Te6
Ternários / Multicomponentes,GaLiP2Te6
Ternários / Multicomponentes,GaNaS6Sb2
Ternários / Multicomponentes,GaSSe
Ternários / Multicomponentes,Ge2P2S6
Ternários / Multicomponentes,Ge2STe
Ternários / Multicomponentes,Ge4P4Se4
Ternários / Multicomponentes,Ge4S6Se2
Ternários / Multicomponentes,Ge4Sb4Se4
Ternários / Multicomponentes,H2P6S12
Ternários / Multicomponentes,H2S10Sb2Te2
Ternários / Multicomponentes,H2S12Sb6
Ternários / Multicomponentes,Hf2Ge2Se2
Ternários / Multicomponentes,Hf2Ge2Te8
Ternários / Multicomponentes,Hf2PSe2
Ternários / Multicomponentes,Hf2PTe2
Ternários / Multicomponentes,Hf2S2Sb
Ternários / Multicomponentes,Hf2S2Si2
Ternários / Multicomponentes,Hf2S6Sb2
Ternários / Multicomponentes,Hf2S8Si2
Ternários / Multicomponentes,Hf2Se2Si2
Ternários / Multicomponentes,Hf2Si2Te2
Ternários / Multicomponentes,Hf3B2H2
Ternários / Multicomponentes,Hf3B2H2S2
Ternários / Multicomponentes,Hf3TiSe8
Ternários / Multicomponentes,Hf4C3S2
Ternários / Multicomponentes,Hf4H2N3S2
Ternários / Multicomponentes,HfNa2H6S6
Ternários / Multicomponentes,HfTi3Te8
Ternários / Multicomponentes,HfVGe2Se8
Ternários / Multicomponentes,HfVNSe2
Ternários / Multicomponentes,HfVS2
Ternários / Multicomponentes,HfZnS2
Ternários / Multicomponentes,Hg2As2Te6
Ternários / Multicomponentes,Hg2H4S10
Ternários / Multicomponentes,Hg2H4S8Se2
Ternários / Multicomponentes,Hg2Mn3S8
Ternários / Multicomponentes,Hg2Pt4S6
Ternários / Multicomponentes,HgIn2S4
Ternários / Multicomponentes,In2As2S6
Ternários / Multicomponentes,In2Ge2S6
Ternários / Multicomponentes,In2Ge2Se6
Ternários / Multicomponentes,In2Mg2S5
Ternários / Multicomponentes,In2MgS4
Ternários / Multicomponentes,In2Mn2S5
Ternários / Multicomponentes,In2MnTe4
Ternários / Multicomponentes,In2Ni4S6
Ternários / Multicomponentes,In2NiSe4
Ternários / Multicomponentes,In2P2S6
Ternários / Multicomponentes,In2P2Te6
Ternários / Multicomponentes,In2Pd4Te6
Ternários / Multicomponentes,In2Sb2Se6
Ternários / Multicomponentes,In2Se2Si2
Ternários / Multicomponentes,In2Si2Te6
Ternários / Multicomponentes,In2Tl2S6
Ternários / Multicomponentes,In2ZnSe4
Ternários / Multicomponentes,InGeS2
Ternários / Multicomponentes,InGeSe3
Ternários / Multicomponentes,InLiP2Se6
Ternários / Multicomponentes,InLiSb2Se6
Ternários / Multicomponentes,InMnSe4
Ternários / Multicomponentes,InNaS6Sb2
Ternários / Multicomponentes,InNaSb2Te6
Ternários / Multicomponentes,InPbTe2
Ternários / Multicomponentes,InSe3Si
Ternários / Multicomponentes,InSiTe3
Ternários / Multicomponentes,Ir2Nb2S8
Ternários / Multicomponentes,Ir2PdSe7
Ternários / Multicomponentes,K2B2C2Te2
Ternários / Multicomponentes,K2B2H6N8S2
Ternários / Multicomponentes,K2B2N2S2
Ternários / Multicomponentes,K2N2S6
Ternários / Multicomponentes,K2Ni2Sb2
Ternários / Multicomponentes,K2Pd2As2
Ternários / Multicomponentes,K4S8Te4
Ternários / Multicomponentes,Li2B2H6N8S2
Ternários / Multicomponentes,Li2C2H4
Ternários / Multicomponentes,Li2C2H4S6
Ternários / Multicomponentes,Li2C2N2Se2
Ternários / Multicomponentes,Li2MgH4S10
Ternários / Multicomponentes,Li2Ni2Sb2
Ternários / Multicomponentes,Li2PbH6S6
Ternários / Multicomponentes,Li4BS4
Ternários / Multicomponentes,Li4NS4
Ternários / Multicomponentes,Li4S8Sb4
Ternários / Multicomponentes,Li4S8Se4
Ternários / Multicomponentes,Li6H2S8Se2
Ternários / Multicomponentes,Li6H2S8Te2
Ternários / Multicomponentes,LiNiAs2Se6
Ternários / Multicomponentes,LiNiPdSe2
Ternários / Multicomponentes,LiPdAs2S6
Ternários / Multicomponentes,LiPdP2Te6
Ternários / Multicomponentes,Mg2As2Se6
Ternários / Multicomponentes,Mg2Mn2Sn2
Ternários / Multicomponentes,Mg2Ni2Sn2
Ternários / Multicomponentes,MgB2H8
Ternários / Multicomponentes,Mn2As2S6
Ternários / Multicomponentes,Mn2BH2S2
Ternários / Multicomponentes,Mn2MoS4
Ternários / Multicomponentes,Mn2PtS5Se
Ternários / Multicomponentes,Mn2S6Sb2
Ternários / Multicomponentes,Mn2Sr2Si2
Ternários / Multicomponentes,Mn3C2H2
Ternários / Multicomponentes,Mn3C6N6
Ternários / Multicomponentes,Mn3H2N2
Ternários / Multicomponentes,Mn3H2N2S2
Ternários / Multicomponentes,Mn3Se2Si
Ternários / Multicomponentes,Mn4C3H2S2
Ternários / Multicomponentes,Mn4H2N3S2
Ternários / Multicomponentes,MnAsS2
Ternários / Multicomponentes,MnGeP2S6
Ternários / Multicomponentes,MnH2S2
Ternários / Multicomponentes,MnMoTe2
Ternários / Multicomponentes,MnNbSeTe
Ternários / Multicomponentes,MnNbTe4
Ternários / Multicomponentes,MnSSeSi
Ternários / Multicomponentes,MnSb2Te4
Ternários / Multicomponentes,MnVTe2
Ternários / Multicomponentes,MnWSbSe3
Ternários / Multicomponentes,MnZn2C6N6
Ternários / Multicomponentes,MnZnSe2
Ternários / Multicomponentes,Mo2As2S10
Ternários / Multicomponentes,Mo2As2Te6
Ternários / Multicomponentes,Mo2As4S12
Ternários / Multicomponentes,Mo2BS2
Ternários / Multicomponentes,Mo2H2N
Ternários / Multicomponentes,Mo2NTe2
Ternários / Multicomponentes,Mo2Nb2S11
Ternários / Multicomponentes,Mo2P2S10
Ternários / Multicomponentes,Mo2S6Sb2
Ternários / Multicomponentes,Mo2Sb2Se6
Ternários / Multicomponentes,Mo2V2Te8
Ternários / Multicomponentes,Mo2W2Se6
Ternários / Multicomponentes,Mo3B2S2
Ternários / Multicomponentes,Mo3C2H2
Ternários / Multicomponentes,Mo3H2N2
Ternários / Multicomponentes,Mo4C3H2S2
Ternários / Multicomponentes,Mo4C3S2
Ternários / Multicomponentes,Mo4H2N3S2
Ternários / Multicomponentes,MoNb3Se5Te3
Ternários / Multicomponentes,MoNb3SeTe3
Ternários / Multicomponentes,MoPbS4
Ternários / Multicomponentes,MoRh2Se3Te
Ternários / Multicomponentes,MoSnS4
Ternários / Multicomponentes,MoW3S8
Ternários / Multicomponentes,Na2B2C2S2
Ternários / Multicomponentes,Na2C6H6S6
Ternários / Multicomponentes,Na2H2N2S6
Ternários / Multicomponentes,Na2H2S2
Ternários / Multicomponentes,Na2H4N2
Ternários / Multicomponentes,Na2N2S6
Ternários / Multicomponentes,Na2NiH2
Ternários / Multicomponentes,Na4As4S8
Ternários / Multicomponentes,Na4CS4
Ternários / Multicomponentes,NaC2H3S5
Ternários / Multicomponentes,NaNiAs2S6
Ternários / Multicomponentes,NaNiP2S6
Ternários / Multicomponentes,NaNiP2Se6
Ternários / Multicomponentes,NaPdAs2Se6
Ternários / Multicomponentes,NaPdSb2Te6
Ternários / Multicomponentes,Nb2BH2S2
Ternários / Multicomponentes,Nb2BS2
Ternários / Multicomponentes,Nb2CSe2
Ternários / Multicomponentes,Nb2CTe2
Ternários / Multicomponentes,Nb2H2N
Ternários / Multicomponentes,Nb2NTe2
Ternários / Multicomponentes,Nb2Ni4S6
Ternários / Multicomponentes,Nb2NiS6
Ternários / Multicomponentes,Nb2Pd2Se10
Ternários / Multicomponentes,Nb2Pd4Se2Te2
Ternários / Multicomponentes,Nb2Pd4Se4
Ternários / Multicomponentes,Nb2PdTe6
Ternários / Multicomponentes,Nb2Pt2Se10
Ternários / Multicomponentes,Nb2PtS6
Ternários / Multicomponentes,Nb2PtSe6
Ternários / Multicomponentes,Nb2Rh2S8
Ternários / Multicomponentes,Nb2Ru2Se8
Ternários / Multicomponentes,Nb2Sn2As2
Ternários / Multicomponentes,Nb2SnTe2
Ternários / Multicomponentes,Nb3B2H2
Ternários / Multicomponentes,Nb3C2S2
Ternários / Multicomponentes,Nb3Ni3Se14
Ternários / Multicomponentes,Nb3SbTe6
Ternários / Multicomponentes,Nb4H2N3S2
Ternários / Multicomponentes,Nb4Ni4Se8
Ternários / Multicomponentes,Nb4Pd2Se10
Ternários / Multicomponentes,Nb4Pd2Se14
Ternários / Multicomponentes,Nb4Pd4Te8
Ternários / Multicomponentes,Nb4Pd6S10
Ternários / Multicomponentes,Nb4Pt2Te14
Ternários / Multicomponentes,Nb4Pt6Se10
Ternários / Multicomponentes,Nb4S8Si2
Ternários / Multicomponentes,Nb4Si2Te8
Ternários / Multicomponentes,Nb6Se12Si2
Ternários / Multicomponentes,Nb6Si2Te12
Ternários / Multicomponentes,NbNi3Se6
Ternários / Multicomponentes,NbSeTe
Ternários / Multicomponentes,NbSiTe2
Ternários / Multicomponentes,NbVSTe
Ternários / Multicomponentes,NbZrSe2
Ternários / Multicomponentes,Ni2As2Te5
Ternários / Multicomponentes,Ni2H2Se4
Ternários / Multicomponentes,Ni2H2Te4
Ternários / Multicomponentes,Ni2P2Te5
Ternários / Multicomponentes,Ni2PS4Si
Ternários / Multicomponentes,Ni2PTe2
Ternários / Multicomponentes,Ni2Pt2Sb2
Ternários / Multicomponentes,Ni2S3Se
Ternários / Multicomponentes,Ni2SSe
Ternários / Multicomponentes,Ni2Sb2Se5
Ternários / Multicomponentes,Ni2Sb2Si2
Ternários / Multicomponentes,Ni2Ta2S10
Ternários / Multicomponentes,Ni2Ta4S10
Ternários / Multicomponentes,Ni2Tl2Se5
Ternários / Multicomponentes,Ni3GeS2
Ternários / Multicomponentes,Ni3P2Se8
Ternários / Multicomponentes,Ni3P2Te8
Ternários / Multicomponentes,Ni3SnTe2
Ternários / Multicomponentes,Ni3Ta3S14
Ternários / Multicomponentes,Ni4As4S4
Ternários / Multicomponentes,Ni4Sb4Te4
Ternários / Multicomponentes,Ni4Se3Te
Ternários / Multicomponentes,Ni4Ta2S6
Ternários / Multicomponentes,Ni4Ta2Te4
Ternários / Multicomponentes,Ni4Ta2Te6
Ternários / Multicomponentes,Ni4Ta4Se8
Ternários / Multicomponentes,Ni8As4Si4
Ternários / Multicomponentes,Ni8Ta4S8
Ternários / Multicomponentes,NiRe2P2S8
Ternários / Multicomponentes,NiRuTa2Se6
Ternários / Multicomponentes,NiTaSe4
Ternários / Multicomponentes,NiV2S4
Ternários / Multicomponentes,NiV2Se4
Ternários / Multicomponentes,NiZn2C6N6
Ternários / Multicomponentes,NiZnSe2
Ternários / Multicomponentes,NiZrSSe
Ternários / Multicomponentes,Os2P2Se6
Ternários / Multicomponentes,Os2Ta2S8
Ternários / Multicomponentes,P2S2Se
Ternários / Multicomponentes,P2S9Si3
Ternários / Multicomponentes,P4S4Si4
Ternários / Multicomponentes,Pb2As2C2H6S6
Ternários / Multicomponentes,Pb2As2Te6
Ternários / Multicomponentes,Pb2P2Te6
Ternários / Multicomponentes,Pb2PS6
Ternários / Multicomponentes,PbRbTe2
Ternários / Multicomponentes,PbS4Sb2
Ternários / Multicomponentes,Pd2As2S6
Ternários / Multicomponentes,Pd2As2Se5
Ternários / Multicomponentes,Pd2AsTe2
Ternários / Multicomponentes,Pd2H2Te4
Ternários / Multicomponentes,Pd2N4S12
Ternários / Multicomponentes,Pd2Ta4Se14
Ternários / Multicomponentes,Pd3P2S8
Ternários / Multicomponentes,Pd3Ta3S14
Ternários / Multicomponentes,Pd3Ta3Se14
Ternários / Multicomponentes,Pd3TiSe8
Ternários / Multicomponentes,Pd3ZnS4Se4
Ternários / Multicomponentes,Pd4As4Se4
Ternários / Multicomponentes,Pd4Ta2S2Se2
Ternários / Multicomponentes,Pd4Ta2S2Te2
Ternários / Multicomponentes,Pd4Ta4S8
Ternários / Multicomponentes,Pd4Tl2Te6
Ternários / Multicomponentes,PdGeS2
Ternários / Multicomponentes,PdH2S2
Ternários / Multicomponentes,PdSSe
Ternários / Multicomponentes,PdTi3Se4
Ternários / Multicomponentes,PdV2Se4
Ternários / Multicomponentes,Pt2As2Te6
Ternários / Multicomponentes,Pt2C4S12
Ternários / Multicomponentes,Pt2P2Te6
Ternários / Multicomponentes,Pt2Sb2Se6
Ternários / Multicomponentes,Pt2SeTe
Ternários / Multicomponentes,Pt2Ta4S14
Ternários / Multicomponentes,Pt3P2Se8
Ternários / Multicomponentes,Pt3S8Sb2
Ternários / Multicomponentes,Pt4Tl2S6
Ternários / Multicomponentes,PtZrSSe
Ternários / Multicomponentes,Rb2B2H6S6Se2
Ternários / Multicomponentes,Rb2B2H6S8
Ternários / Multicomponentes,Rb2C2S6
Ternários / Multicomponentes,Rb2H2N2S6
Ternários / Multicomponentes,RbGeS2
Ternários / Multicomponentes,RbGeTe2
Ternários / Multicomponentes,RbSnSe2
Ternários / Multicomponentes,Rh2S4Sb6
Ternários / Multicomponentes,RhAsTe2
Ternários / Multicomponentes,Ru2P2Se6
Ternários / Multicomponentes,S6Sb2Si2
Ternários / Multicomponentes,SSb2Te2
Ternários / Multicomponentes,SSbSe
Ternários / Multicomponentes,SbSiTe4
Ternários / Multicomponentes,Sc2As2Te6
Ternários / Multicomponentes,Sc2CH2
Ternários / Multicomponentes,Sc2P2Te6
Ternários / Multicomponentes,Sc2Sb2Te8
Ternários / Multicomponentes,Sc3B2H2
Ternários / Multicomponentes,ScZrS2Se2
Ternários / Multicomponentes,Sn2As2Se6
Ternários / Multicomponentes,Sn2P2Se6
Ternários / Multicomponentes,Sn2PS6
Ternários / Multicomponentes,Sn2PSe6
Ternários / Multicomponentes,Sn2Ta6Se12
Ternários / Multicomponentes,Sn2V2Te6
Ternários / Multicomponentes,Sn2Zn2S6
Ternários / Multicomponentes,Sn2Zr2Te8
Ternários / Multicomponentes,Sn4As4S4
Ternários / Multicomponentes,SnP2S4
Ternários / Multicomponentes,SnP2Te4
Ternários / Multicomponentes,Sr2P4S12
Ternários / Multicomponentes,Sr4As4H4Te8
Ternários / Multicomponentes,Sr4H4Sb4Se8
Ternários / Multicomponentes,Ta2BH2
Ternários / Multicomponentes,Ta2CSe2
Ternários / Multicomponentes,Ta2STe2
Ternários / Multicomponentes,Ta2V2S10
Ternários / Multicomponentes,Ta2V2Se10
Ternários / Multicomponentes,Ta2W2S11
Ternários / Multicomponentes,Ta3B2H2S2
Ternários / Multicomponentes,Ta3B2S2
Ternários / Multicomponentes,Ta3C2S2
Ternários / Multicomponentes,Ta3N2S2
Ternários / Multicomponentes,Ta4C3H2
Ternários / Multicomponentes,Ta4Ge2Te8
Ternários / Multicomponentes,Ta4S8Si2
Ternários / Multicomponentes,Ta4Se8Si2
Ternários / Multicomponentes,Ti2H2N
Ternários / Multicomponentes,Ti2PTe2
Ternários / Multicomponentes,Ti2Sb2Te6
Ternários / Multicomponentes,Ti3B2H2S2
Ternários / Multicomponentes,Ti4B3H2
Ternários / Multicomponentes,Ti4P4Se12
Ternários / Multicomponentes,TiSSe
Ternários / Multicomponentes,TiZnSe2
Ternários / Multicomponentes,TiZr3S8
Ternários / Multicomponentes,Tl2Sb2Se6
Ternários / Multicomponentes,Tl2Se6Si2
Ternários / Multicomponentes,Tl2Si2Te6
Ternários / Multicomponentes,Tl2Zn3S6
Ternários / Multicomponentes,Tl2Zn3Te6
Ternários / Multicomponentes,TlS3Si
Ternários / Multicomponentes,V2CH2
Ternários / Multicomponentes,V2CTe2
Ternários / Multicomponentes,V2Se6Si2
Ternários / Multicomponentes,V2Si2Te6
Ternários / Multicomponentes,V2W2Te8
Ternários / Multicomponentes,V4B3H2
Ternários / Multicomponentes,V4Se2Te2
Ternários / Multicomponentes,VAsSb
Ternários / Multicomponentes,VB4H5S6
Ternários / Multicomponentes,VSTe
Ternários / Multicomponentes,VSeTe
Ternários / Multicomponentes,VW2S4
Ternários / Multicomponentes,VW3Te8
Ternários / Multicomponentes,W2BTe2
Ternários / Multicomponentes,W2CS2
Ternários / Multicomponentes,W2NS2
Ternários / Multicomponentes,W3C2S2
Ternários / Multicomponentes,W3H2N2
Ternários / Multicomponentes,W4B3H2S2
Ternários / Multicomponentes,WAsSb
Ternários / Multicomponentes,WGeTe2
Ternários / Multicomponentes,Y2BH2
Ternários / Multicomponentes,Y3B2H2
Ternários / Multicomponentes,Y3H2N2S2
Ternários / Multicomponentes,Y4H2N3
Ternários / Multicomponentes,Zn2As2S6
Ternários / Multicomponentes,Zn2NSeTe
Ternários / Multicomponentes,Zn2P2S6
Ternários / Multicomponentes,Zn2P4S8
Ternários / Multicomponentes,Zn2Sb2Se6
Ternários / Multicomponentes,ZnC4N6
Ternários / Multicomponentes,Zr2As2Te6
Ternários / Multicomponentes,Zr2CS2
Ternários / Multicomponentes,Zr2Ge2S2
Ternários / Multicomponentes,Zr2Ge2Se2
Ternários / Multicomponentes,Zr2P2S6
Ternários / Multicomponentes,Zr2S2Sb
Ternários / Multicomponentes,Zr2SbSe2
Ternários / Multicomponentes,Zr2Se2Si2
Ternários / Multicomponentes,Zr2Se8Si2
Ternários / Multicomponentes,Zr3B2H2
Ternários / Multicomponentes,Zr3B2S2
Ternários / Multicomponentes,Zr3C2H2S2
Ternários / Multicomponentes,Zr3H2N2Te2
Ternários / Multicomponentes,Zr4N3S2
Ternários / Multicomponentes,ZrAs2H2S6
Ternários / Multicomponentes,ZrNSbTe2
Ternários / Multicomponentes,ZrSeTe
Óxidos,Ag2CaO8
Óxidos,Ag2Cr2O12P4
Óxidos,Ag2O6Si2
Óxidos,Ag2V2O12P4
Óxidos,Ag2WO4
Óxidos,Ag3AsO4
Óxidos,AgBa2CdInO5
Óxidos,AgCr2O6
Óxidos,AgGaAs2O6
Óxidos,AgHgSr2TlO5
Óxidos,AgTlO6Sb2
Óxidos,AgVO2
Óxidos,Al2CdO4
Óxidos,Al2H2O8Se2
Óxidos,Al2H2O8Te2
Óxidos,Al2Mn2O5
Óxidos,Al2NiO4
Óxidos,Al2O2
Óxidos,Al2O6P2
Óxidos,Al2PdO4
Óxidos,AlCdGaO4
Óxidos,AlCdInO4
Óxidos,AlGaHgO4
Óxidos,AlLiAs2O6
Óxidos,AlLiO6Sb2
Óxidos,AlNaO6P2
Óxidos,As2O6P2
Óxidos,As2OS2
Óxidos,As4H2O12Sb2
Óxidos,As4O12Te2
Óxidos,As8O12
Óxidos,As8O4Se8
Óxidos,AsGe3O8
Óxidos,Au2CaO8
Óxidos,Au2O
Óxidos,Au2O12P4
Óxidos,Au2Sn2O6
Óxidos,Au2SnO4
Óxidos,Au3O4Sb
Óxidos,Au4O12S4
Óxidos,AuCo2O4
Óxidos,AuH2O2
Óxidos,AuLi2O2
Óxidos,AuO2Te
Óxidos,AuScO6P2
Óxidos,B2Ge2H6O6Sb2
Óxidos,Ba2H8O6
Óxidos,Ba2O12P4
Óxidos,Ba2O8Sb4
Óxidos,BaTa2O7
Óxidos,Bi2O8P2
Óxidos,Bi2OS2
Óxidos,Bi2Sn3O9
Óxidos,Bi2Tl2O6
Óxidos,Bi2YO4
Óxidos,Bi4W2O12
Óxidos,Bi6Ir2O4
Óxidos,Bi6Rh2O4
Óxidos,Bi8O4S8
Óxidos,BiO2
Óxidos,Cd2Fe3O8
Óxidos,Cd2O4Si
Óxidos,Cd2OS
Óxidos,Cd2SnO4
Óxidos,Cd4W2O8
Óxidos,CdCuInSr2O5
Óxidos,Co2H4O8S2
Óxidos,Co2In2O5
Óxidos,Co2O4
Óxidos,Co2O6P2
Óxidos,Co3O4
Óxidos,CoH2O2
Óxidos,CoNaO6P2
Óxidos,CoRe2O8
Óxidos,Cr2Cu2As4O12
Óxidos,Cr2CuO6
Óxidos,Cr2Mo2O8
Óxidos,Cr3C2O2
Óxidos,Cr3WO8
Óxidos,Cr4B3O2
Óxidos,Cr4C3H2O2
Óxidos,Cr4C3O2
Óxidos,Cr4Na2O10
Óxidos,CrGa2O4
Óxidos,CrIn2O4
Óxidos,CrOTe
Óxidos,Cs2C2H6O6Te2
Óxidos,Cs2C6H6O6
Óxidos,Cu2O6Sb2
Óxidos,Cu2O6Si2
Óxidos,Cu2V2O12P4
Óxidos,Cu3O4Sb
Óxidos,CuC6H4N6O2
Óxidos,CuGaAs2O6
Óxidos,CuInAs2O6
Óxidos,CuTlO6Sb2
Óxidos,Fe2BH2O2
Óxidos,Fe2O4
Óxidos,Fe2O7Sb2
Óxidos,FeNaAs2O6
Óxidos,Ga2MgO4
Óxidos,Ga2MnO4
Óxidos,Ga2Ni2O5
Óxidos,Ga2O2
Óxidos,Ga2PdO4
Óxidos,Ga2Zn2O5
Óxidos,Ga4O6
Óxidos,GaHgTlO4
Óxidos,GaLiO6P2
Óxidos,GaNaAs2O6
Óxidos,GaNaO6Sb2
Óxidos,Ge2H2O6P2
Óxidos,Ge2O6P
Óxidos,Ge2O6Sb2
Óxidos,Ge2O8Te2
Óxidos,Ge3O9P2
Óxidos,Ge4H4O10
Óxidos,GeO2
Óxidos,GeO4Te
Óxidos,H2O12P2Sb4
Óxidos,H2O12Sb6
Óxidos,HO6SbSe2
Óxidos,Hf2As2O6
Óxidos,Hf2CO2
Óxidos,Hf2O6P2
Óxidos,Hf2O6Sb2
Óxidos,Hf3H2N2O2
Óxidos,Hf4B3H2O2
Óxidos,HfH2O6Sb2
Óxidos,HfHO2
Óxidos,HfK2H6O6
Óxidos,HfNa2H6O6
Óxidos,HfPd2H2O6
Óxidos,Hg2As2O6
Óxidos,Hg2H4O8S2
Óxidos,Hg2O4
Óxidos,Hg2O6P2
Óxidos,Hg2O6Sb2
Óxidos,Hg3B2O6
Óxidos,In2As2O6
Óxidos,In2H2O8S2
Óxidos,In2H2O8Te2
Óxidos,In2Mn2O5
Óxidos,In2NiO4
Óxidos,In2O2
Óxidos,In2O4
Óxidos,In2O6Sb2
Óxidos,In2ZnO4
Óxidos,In4O6
Óxidos,InNaO6Sb2
Óxidos,Ir2As2O6
Óxidos,Ir2RhHO6
Óxidos,Ir3PdO8
Óxidos,K2B2C8H6O2
Óxidos,K2C2N2O2
Óxidos,K2H6N2O8
Óxidos,K2MgH4O8Te2
Óxidos,K2N2O6
Óxidos,K4O8Sb4
Óxidos,KSnO2
Óxidos,Li2MoTi3N2O4
Óxidos,Li4O8Te4
Óxidos,Li6H2O8Se2
Óxidos,LiC5H5N2O5
Óxidos,LiNiO6P2
Óxidos,Mg2As2O6
Óxidos,MgH2O2
Óxidos,Mn2BH2O2
Óxidos,Mn2CH2O2
Óxidos,Mn2H4O8S2
Óxidos,Mn2H4O8Se2
Óxidos,Mn2H4O8Te2
Óxidos,Mn2O2
Óxidos,Mn2SnO4
Óxidos,Mn2W2O12Se2
Óxidos,Mn3B2H2O2
Óxidos,Mn3O4
Óxidos,Mn4N3O2
Óxidos,MnH2O2
Óxidos,MnO2P2
Óxidos,MnSn3O8
Óxidos,Mo2CH2O2
Óxidos,Mo2H2NO2
Óxidos,Mo2O10Sb2
Óxidos,Mo2O2
Óxidos,Mo2V2O10
Óxidos,Mo2Zn2O12Se2
Óxidos,Mo3H2N2O2
Óxidos,Mo3VO8
Óxidos,MoNb2ZnH3O8
Óxidos,MoOTe
Óxidos,MoPbO4
Óxidos,MoVO6
Óxidos,MoW3O8
Óxidos,Na2B2C8H6O2
Óxidos,Na2C8H6N2O2
Óxidos,Na2H4N2O6
Óxidos,Na2N4O2
Óxidos,Na2Ru2H10N2O2
Óxidos,Na2SnH6O6
Óxidos,Na4As4O8
Óxidos,Na4O12
Óxidos,Na4O4S8
Óxidos,Na4O8S4
Óxidos,Na6H2O8Se2
Óxidos,NaNb3O4
Óxidos,NaPdO6P2
Óxidos,Nb2CO2
Óxidos,Nb2O2Te2
Óxidos,Nb2PdO6
Óxidos,Nb2PtO6
Óxidos,Nb2W2O11
Óxidos,Nb3C2O2
Óxidos,Nb4Pd2O10
Óxidos,Nb4WZrN5OTe8
Óxidos,NbH2O2
Óxidos,NbOTe2
Óxidos,Ni2H4O8S2
Óxidos,Ni2N4O12
Óxidos,Ni2O6S2
Óxidos,Ni2OSeTe
Óxidos,Ni2Ta4O10
Óxidos,Ni4As4O4
Óxidos,Ni4O4Sb4
Óxidos,NiC6H8O4
Óxidos,NiH2O2
Óxidos,O14Se2Te4
Óxidos,O2P
Óxidos,O2Sb2Se
Óxidos,O4Sb8Te8
Óxidos,O6Sb2Si2
Óxidos,OP2Te2
Óxidos,OS2Sb2
Óxidos,Os2O2
Óxidos,Os2O4
Óxidos,Os2Rb2H10N2O2
Óxidos,Pb2C2H6O6P2
Óxidos,Pb2H6N2O6Sb2
Óxidos,PbHOS
Óxidos,PbWO4
Óxidos,Pd2As2O7
Óxidos,Pd3O8P2
Óxidos,PdZnO2S
Óxidos,Pt2As2O6
Óxidos,Pt2O4
Óxidos,Pt2O6Sb2
Óxidos,Pt4As4O4
Óxidos,Pt4O4Sb4
Óxidos,Rb2C2H2O6
Óxidos,Rb2H2N2O6
Óxidos,Rb2H2O6Se2
Óxidos,Rb2H6N2O2S6
Óxidos,RbGeO2
Óxidos,RbSnO2
Óxidos,Re2O4
Óxidos,ReO2
Óxidos,RuO2
Óxidos,Sc2O13S5
Óxidos,Sc2O8Sb2
Óxidos,Sc2Sn2H3O7Se
Óxidos,Sc3H2N2O2
Óxidos,Sc4C3H2O2
Óxidos,ScH2O2
Óxidos,ScO2
Óxidos,Sn2As2C2H6O6
Óxidos,Sn2AsO6
Óxidos,Sn2H6N2O6Sb2
Óxidos,Sn2O6Sb2
Óxidos,Sn3O9P2
Óxidos,SnO
Óxidos,Ta2O6P2
Óxidos,Ta3C2O2
Óxidos,Ta4B3H2O2
Óxidos,Ta4C3H2O2
Óxidos,TaO2
Óxidos,TaZnO3
Óxidos,Ti2Zr2O8
Óxidos,Tl2O4
Óxidos,TlO
Óxidos,V2BH2O2
Óxidos,V2CH2O2
Óxidos,V2O6P2
Óxidos,V3H2N2O2
Óxidos,V4N3O2
Óxidos,V4O8
Óxidos,W2BO2
Óxidos,W2O2
Óxidos,W2O4
Óxidos,W2Zn2O12Te2
Óxidos,W3C2O2
Óxidos,W3N2O2
Óxidos,W4C3H2O2
Óxidos,WOSe
Óxidos,WOTe
Óxidos,Y3N2O2
Óxidos,Y4N3O2
Óxidos,Zn2Ge2O6
Óxidos,Zn2O6Si2
Óxidos,Zn2O8Sb4
Óxidos,ZnH2O2
Óxidos,Zr2CH2O2
Óxidos,Zr2O6
Óxidos,Zr3C2H2O2
Óxidos,Zr3N2O2
Óxidos,Zr3O8Te
Óxidos,Zr4H2N3O2
